"שם מוצר","מק""ט",כמות,"יחידת מידה","האם מגיע במארז","צורת מארז","יחידת מידה במארז","מספר פריטים במארז",קטגוריה,ספק,"מחיר מחירון","אחוז הנחה",פיקדון,מיסים,"מוצר חייב במע""מ","צורת ספירת מלאי","ברקוד יצרן","הגבלת כמות להזמנה"
"אורגנו 1 ק""ג",׳7290015543033,1,"ק""ג",לא,,,,"חומרי גלם לבישול","שופרסל אמיגה",16.99,0,0,,כן,מוצר,,0
"אורז תפוח בשקית 500 גרם",8989169,0.5,"ק""ג",כן,מארז,יחידות,10,"חומרי גלם לבישול","שופרסל אמיגה",16.5,0,0,,כן,מארז,,0
"אלף איים גלון 5.1 ק״ג",׳7290112499113,5.1,"ק""ג",כן,מארז,יחידות,1,"חומרי גלם לבישול","שופרסל אמיגה",83,0,0,,כן,מארז,,0
"גלגולי פירה 2 ק״ג",729001819845׳,2,"ק""ג",כן,מארז,יחידות,6,"חומרי גלם לבישול","שופרסל אמיגה",249,0,0,,כן,מארז,,0
"דגש מרק.תיבול מרק פטריות",׳7290100249703,1,"ק""ג",לא,,,,"חומרי גלם לבישול","שופרסל אמיגה",35.5,0,0,,כן,מוצר,,0
"דובדבן אמרנה 2.7 ק""ג",׳7290019079514,2.7,"ק""ג",כן,מארז,יחידות,1,"חומרי גלם לבישול","שופרסל אמיגה",105.99,0,0,,כן,מוצר,,0
"חומץ סינטטי 4 ליטר",507958,4,ליטר,כן,מארז,יחידות,1,"חומרי גלם לבישול","שופרסל אמיגה",6.44,0,0,,כן,מוצר,,0
"חומץ תפוחים 946 מ״ל בקבוק מ.ע",2808527,0.946,ליטר,כן,מארז,יחידות,1,"חומרי גלם לבישול","שופרסל אמיגה",9.99,0,0,,כן,מוצר,,0
"חומצה אצטית מדוללת 5%",׳7290011556112,4,ליטר,כן,מארז,יחידות,1,"חומרי גלם לבישול","שופרסל אמיגה",5.89,0,0,,כן,מוצר,,0
"חרדל אמיתי תלמה 5 קג",111506,5,"ק""ג",לא,מארז,יחידות,1,"חומרי גלם לבישול","שופרסל אמיגה",32,0,0,,כן,מוצר,,0
"חרדל דיזון גרגרים 5 ק״ג",3054350,5,"ק""ג",כן,מארז,יחידות,1,"חומרי גלם לבישול","שופרסל אמיגה",58,0,0,,כן,מוצר,,0
"טמפורה 1 קג",׳807176221013,1,"ק""ג",לא,,,,"חומרי גלם לבישול","שופרסל אמיגה",9.89,0,0,,כן,מוצר,,0
"כמון טחון צנצנת 1 ק״ג",׳811250030132,1,"ק""ג",לא,,,,"חומרי גלם לבישול","שופרסל אמיגה",18.5,0,0,,כן,מוצר,,0
"מיונז אמיגה 5 ק״ג",׳7290018710159,5,"ק""ג",לא,מארז,יחידות,1,"חומרי גלם לבישול","שופרסל אמיגה",46,0,0,,כן,מוצר,,0
"מלח לימון 1 ק""ג",׳7290015543231,1,"ק""ג",לא,,,,"חומרי גלם לבישול","שופרסל אמיגה",9.65,0,0,,כן,מוצר,,0
"מרק בקר 1 ק""ג",162300,1,"ק""ג",לא,,,,"חומרי גלם לבישול","שופרסל אמיגה",41.5,0,0,,כן,מוצר,,0
"מרק דגש טעם עוף ללא גלוט",3805389,1,"ק""ג",לא,,,,"חומרי גלם לבישול","שופרסל אמיגה",12.5,0,0,,כן,מוצר,,0
"סומק 1 ק""ג",׳7290015543255,1,"ק""ג",לא,,,,"חומרי גלם לבישול","שופרסל אמיגה",16,0,0,,כן,מוצר,,0
"פלפל שחור טחון צנצנת 1 ק",׳811250030194,1,"ק""ג",לא,,,,"חומרי גלם לבישול","שופרסל אמיגה",28,0,0,,כן,מוצר,,0
"פנקו סומימוטו קלאסי 1 קג",׳7290015355100,1,"ק""ג",לא,,,,"חומרי גלם לבישול","שופרסל אמיגה",9.89,0,0,,כן,מוצר,,0
"פפריקה מתוקה 1 ק""ג",׳7290015543385׳,1,"ק""ג",לא,,,,"חומרי גלם לבישול","שופרסל אמיגה",12.75,0,0,,כן,מוצר,,0
"פרורי לחם לבנים בשק 10ק",׳7290018710067,10,"ק""ג",כן,מארז,יחידות,1,"חומרי גלם לבישול","שופרסל אמיגה",65.99,0,0,,כן,מוצר,,0
"פרורי לחם מוזהבים שק10ק",׳7290015543859,10,"ק""ג",כן,מארז,יחידות,1,"חומרי גלם לבישול","שופרסל אמיגה",58,0,0,,כן,מוצר,,0
"קטשופ 700 גרם היינץ",8715700419732,0.7,"ק""ג",כן,מארז,יחידות,10,"חומרי גלם לבישול","שופרסל אמיגה",9.79,0,0,,כן,מארז,,0
"קטשופ היינץ וולפק כשל״פ",3450534,13,"ק""ג",לא,מארז,יחידות,1,"חומרי גלם לבישול","שופרסל אמיגה",125,0,0,,כן,מוצר,,0
"קינואה אדומה 5 ק""ג",׳7290019659792,5,"ק""ג",לא,מארז,יחידות,1,"חומרי גלם לבישול","שופרסל אמיגה",65,0,0,,כן,מוצר,,0
"קמח חיטה לבן בהיר 1 ק״ג",׳7296073021568,1,"ק""ג",כן,מארז,יחידות,10,"חומרי גלם לבישול","שופרסל אמיגה",28.9,0,0,,כן,מארז,,0
"קמח תפוח אדמה 500 גרם",1050019,0.5,"ק""ג",לא,מארז,יחידות,1,"חומרי גלם לבישול","שופרסל אמיגה",3.88,0,0,,כן,מוצר,,0
"רוטב בוב הולנדי 4.95 ק""ג",׳8718182023275,4.95,"ק""ג",לא,מארז,יחידות,1,"חומרי גלם לבישול","שופרסל אמיגה",59.89,0,0,,כן,מוצר,,0
"שומשום 1 ק""ג",7290015553858,1,"ק""ג",לא,,,,"חומרי גלם לבישול","שופרסל אמיגה",14.44,0,0,,כן,מוצר,,0
"שקד מולבן פרוס 1 ק״ג",7290015651080,1,"ק""ג",לא,,,,"חומרי גלם לבישול","שופרסל אמיגה",44.5,0,0,,כן,מוצר,,0
"תבלין פילדלפיה 1 ק""ג",7290015543637,1,"ק""ג",לא,,,,"חומרי גלם לבישול","שופרסל אמיגה",18,0,0,,כן,מוצר,,0
"טבסקו סרירצ׳ה 566 מ״ל",11210698055,1,יחידות,כן,מארז,יחידות,6,"חומרי גלם לבישול","שופרסל אמיגה",18.5,0,0,,כן,מארז,,
"ממרח היינץ מיכל לחיץ 395גר",8715700422473,1,יחידות,כן,מארז,יחידות,10,"יבשים וקונדיטוריה","שופרסל אמיגה",108.9,0,0,,כן,מוצר,,
"ממרח חרדל צהוב 255 גרם",3450602,1,יחידות,כן,מארז,יחידות,16,"חומרי גלם לבישול","שופרסל אמיגה",158.24,0,0,,כן,מארז,,
"לימון סחוט lemon sahut 2l (פקק צהוב-לימון!)",519,2,ליטר,כן,מארז,יחידות,6,קפואים,"תפוז טרי",30,0,0,,כן,מארז,,0
"תפוזים סחוט 2l פקק אדום פרימיום tapuz pkak adom",8941,2,ליטר,כן,מארז,יחידות,6,קפואים,"תפוז טרי",21,-33.33,0,,כן,מארז,,0
"לימונדה lemonada 2l (פקק צהוב)",8914,2,ליטר,כן,מארז,יחידות,6,קפואים,"תפוז טרי",22,0,0,,כן,מארז,,0
"אשכולית אדומה גלון eshcolit",204,1,גלון,לא,,,,קפואים,"תפוז טרי",30,0,0,,כן,מוצר,,0
"פקדון pikadon",499,1,יחידות,לא,,,,קפואים,"תפוז טרי",0.26,0,0,0,כן,מוצר,,0
"מעדן אווז",,500,גרם,לא,מארז,יחידות,18,קפואים,"שיווק מזון בקירור",39.83,0,0,,כן,מוצר,,
"טבעות בצל מובחרות - טופ שף - 10 ק",30502425,10,"ק""ג",כן,ארגז,שקיות,1,קפואים,"קפוא זן",169.5,0,0,,כן,שקיל,,0
"פוטטוס צ׳יפס מובחר 2.5ק״ג/4",66601207,2.5,"ק""ג",כן,ארגז,שקיות,4,קפואים,"קפוא זן",102,0,0,,כן,מארז,,0
"10*10 קריספי פלוס (פרימיום) 2.5/4",60001001,2.5,"ק""ג",כן,ארגז,שקיות,4,קפואים,"קפוא זן",121.08,0,0,,כן,מארז,,0
"גולד צ׳יפס בטטה קריספי 1 ק״ג/10",66601249,1,"ק""ג",כן,ארגז,שקיות,10,קפואים,"קפוא זן",210,0,0,,כן,מארז,,0
"קוביות תפו״א (הום פרייז) 2.5ק״ג/4",66601219,2.5,"ק""ג",כן,ארגז,שקיות,4,קפואים,"קפוא זן",102,0,0,,כן,מארז,,0
"(פרימיום) שעועית עדינה שלמה 5*2.5",66611219,2.5,"ק""ג",כן,מארז,יחידות,5,קפואים,"קפוא זן",128.75,23.88,0,,כן,"יחידת מידה במארז",,0
"אדום בצל מקולף מהדרין",41152,1,"ק""ג",לא,,,,"ירקות פירות ועשבי תיבול","עונות ישראל",7.5,-30.67,0,,לא,שקיל,,
"בזיל  מהדרין (היתר מכירה)",47054,1,"ק""ג",לא,,,,"ירקות פירות ועשבי תיבול","עונות ישראל",30,0,0,,לא,שקיל,,
"בייבי מיקס 0.5  כשר רבנות",47020,0.5,"ק""ג",לא,,,,"ירקות פירות ועשבי תיבול","עונות ישראל",13,0,0,,לא,מוצר,,
"גזר ג'וליאן",48266,1,"ק""ג",לא,,,,"ירקות פירות ועשבי תיבול","עונות ישראל",7,0,0,0,כן,שקיל,,
"חסה אייסברג 1  מהדרין",47026,1,"ק""ג",לא,,,,"ירקות פירות ועשבי תיבול","עונות ישראל",14,0,0,,כן,מוצר,,
"כרוב אדום חתוך מהדרין 1",47198,1,"ק""ג",לא,,,,"ירקות פירות ועשבי תיבול","עונות ישראל",7.6,-25,0,0,כן,שקיל,,
"כרוב לבן חתוך מהדרין 1",47095,1,"ק""ג",לא,,,,"ירקות פירות ועשבי תיבול","עונות ישראל",7.1,0,0,0,כן,שקיל,,
"מיקרו אפונה מוסדי",41302,1,יחידות,לא,,,,"ירקות פירות ועשבי תיבול","עונות ישראל",28,0,0,,לא,שקיל,,
"פטרוזיליה קצוצה מהדרין1   (היתר מכירה)",47080,1,"ק""ג",לא,,,,"ירקות פירות ועשבי תיבול","עונות ישראל",22,0,0,,לא,שקיל,,
"פטריות שמפיניון א.ת",40079,1,"ק""ג",לא,,,,"ירקות פירות ועשבי תיבול","עונות ישראל",27,0,0,,לא,שקיל,,
"שום מקולף",40138,1,"ק""ג",לא,,,,"ירקות פירות ועשבי תיבול","עונות ישראל",28,0,0,0,כן,שקיל,,
"שרי סוכריות (לובלו) אדום ק""ג",41282,1,"ק""ג",לא,,,,"ירקות פירות ועשבי תיבול","עונות ישראל",12.9,0,0,,לא,שקיל,,
"עגבניות שרי תמר מובחר",40282,1,"ק""ג",לא,,,,"ירקות פירות ועשבי תיבול","עונות ישראל",12.9,-38.76,0,,לא,שקיל,,
"נבטים סיניים",40155,1,"ק""ג",לא,,,,"ירקות פירות ועשבי תיבול","עונות ישראל",8,0,0,,לא,שקיל,,
"r-265 מנקה ומבשם רצפות כחול 4 ליטר",3666518,4,קרטון,לא,,,,"חומרי ניקוי","סיוון חומרי ניקיון",6.8,0,0,,כן,שקיל,,
"אקונומיקה ריחנית",30111,4,קרטון,לא,,,,"חומרי ניקוי","סיוון חומרי ניקיון",6.3,0,0,,כן,שקיל,,
"אשפתון 75/90 שחור/אפור עבה-גליל (16 גלילים)",40743,1,יחידות,כן,מארז,יחידות,16,"חומרי ניקוי","סיוון חומרי ניקיון",6.3,0,0,,כן,"מארז + יחידת מידה במארז",,
"ras999- מטליות ניקוי וחיטוי 99.99% 400 יח -דלי",40453,6,קרטון,לא,,,,"חומרי ניקוי","סיוון חומרי ניקיון",13.7,0,0,,כן,ללא,,
"מחטא ומטהר אויר מרוכז בזוקה 4 ליטר",30138,1,יחידות,לא,,,,"חומרי ניקוי","סיוון חומרי ניקיון",45,0,0,,כן,ללא,,
"מטאטא משרד 30 ס״מ (24 בקרטון)- איטלקי",40614,1,יחידות,לא,,,,"חומרי ניקוי","סיוון חומרי ניקיון",3.2,0,0,,כן,ללא,,
"מגב פלסטיק 40 ס״מ - 48 בקרטון",40602,1,יחידות,לא,,,,"חומרי ניקוי","סיוון חומרי ניקיון",6.17,0,0,,כן,ללא,,
"טורטיה 30 ס״מ טבעי 12 יחידות",1001030,1,יחידות,כן,מארז,יחידות,84,"לחמניות ולחמים","טרז פזוס שיווק בעמ",275.94,15,0,,כן,מארז,,
"גליל תעשייה דו שכבתי 6 ק״ג",,1,יחידות,לא,,,,"חומרי ניקוי","אוורסט מפעל לייצור מוצרי נייר בעמ",65,14.53,0,,כן,ללא,,
"מגבת תאית 6 ק״ג auto cut",,1,יחידות,לא,,,,"חומרי ניקוי","אוורסט מפעל לייצור מוצרי נייר בעמ",95,14.53,0,,כן,ללא,,
"קומפקט תאית 12 גלילים",,1,יחידות,כן,מארז,יחידות,12,"חומרי ניקוי","אוורסט מפעל לייצור מוצרי נייר בעמ",25,0,0,,כן,מארז,,
"מקל עץ 1.5 מ׳ הברגה, 1 יח׳",746902,1,יחידות,לא,,,,"חומרי ניקוי",סילקו,5,0,0,,כן,מוצר,,0
"סמרטוט רצפה מיקרופייבר, 12 יח",770007,1,יחידות,כן,מארז,יחידות,12,"חומרי ניקוי",סילקו,48,0,0,,כן,מארז,,0
"מנקה חלונות סיליקון 750 סמ״ק א-זוג*6 חבילות",600802,1,יחידות,כן,מארז,יחידות,6,"חומרי ניקוי",סילקו,67,0,0,,כן,מוצר,,0
"כוס פלסטיק שקופה 180 סמ״ק pp (טק), 3000 יח׳",4605,1,יחידות,כן,מארז,יחידות,3000,"חד פעמי ואריזות",סילקו,95,0,0,,כן,מארז,,0
"גביע pp 1.5oz שחור 2000 יח׳",3685,2000,יחידות,לא,מארז,יחידות,2000,"חד פעמי ואריזות",סילקו,85,0,0,,כן,מוצר,,0
"סבון ידיים קצף בניחוחו עדין ״ורוד״ (1 ליטר) 6 יח׳",8021,1,ליטר,כן,מארז,יחידות,6,"חומרי ניקוי",סילקו,197.01,0,0,,כן,מארז,,0
"מכסה פ.פ לקופסה 4.5 ליטר מלבנית להקפאה, 240 יח׳",753003,1,יחידות,כן,מארז,יחידות,240,"חד פעמי ואריזות",סילקו,185,3,0,,כן,מארז,,0
"כוס נייר שתייה חמה 4oz, א-1000 יח׳",198026,1,יחידות,כן,מארז,יחידות,1000,"חד פעמי ואריזות",סילקו,75,0,0,,כן,מארז,,0
"קופסא פ.פ 4.5 ליטר מלבנית להקפאה,50 יח׳ + 2 מיכסים",752902,1,יחידות,כן,מארז,יחידות,50,"חד פעמי ואריזות",סילקו,85,0,0,,כן,מארז,,0
"מכסה pp גבוה לקערת נייר קרפט 1000/750/500 מ״ל 300 יח׳",957000,1,יחידות,כן,מארז,יחידות,300,"חד פעמי ואריזות",סילקו,109.71,0,0,,כן,מארז,,0
"קערת נייר קראפט 500 מ״ל ,קוטר 150 מ״מ 300 יח׳",954,1,יחידות,כן,מארז,יחידות,300,"חד פעמי ואריזות",סילקו,126.99,0,0,,כן,מארז,,0
"קש עבה 8 מ״מ שחור עטוף 500 יח׳",78513,1,יחידות,כן,מארז,יחידות,500,"חד פעמי ואריזות",סילקו,23,0,0,,כן,מארז,,0
"גליל נייר טרמי 79מ/78 מ״מ לקופת מחשב, 50 יח׳",4830,1,יחידות,כן,מארז,יחידות,50,"חד פעמי ואריזות",סילקו,265.01,0,0,,כן,מארז,,0
"מכסה pp לקערת נייר קראפט 1100 מ״ל , קוטר 185 מ״מ, 300 יח׳",961,1,יחידות,כן,מארז,יחידות,300,"חד פעמי ואריזות",סילקו,120,0,0,,כן,מארז,,0
"קערת נייר קראפט 1100 מ״ל ,קוטר 185 מ״מ, 300 יח",959,1,יחידות,כן,מארז,יחידות,300,"חד פעמי ואריזות",סילקו,145.06,0,0,,כן,מארז,,0
"תבניות אלומניום גסטרונום, 50 יח׳",737507,1,יחידות,כן,מארז,יחידות,50,"חד פעמי ואריזות",סילקו,175,0,0,,כן,מארז,,0
"כפפות ניטריל שחורות l, א-100 יח",745307,1,יחידות,לא,,,,"חומרי ניקוי",סילקו,11,0,0,,כן,מוצר,,0
"נייר אלומניום צץ רץ 27.3/22.8 ס״מ 500 דף, 1 יח",1211,1,יחידות,לא,,,,"חומרי ניקוי",סילקו,55,0,0,,כן,מוצר,,0
"כרית יפנית,36 יח׳",769903,1,יחידות,כן,מארז,יחידות,36,"חומרי ניקוי",סילקו,36,0,0,,כן,מארז,,0
"ממרקות ברזל גדול 30 גרם, 12 יח׳",769601,1,יחידות,כן,מארז,יחידות,12,"חומרי ניקוי",סילקו,13,0,0,,כן,מארז,,0
"ספריי להברקת נירוסטה 500 מ״ל 1 יח׳",606103,1,יחידות,לא,,,,"חומרי ניקוי",סילקו,17,0,0,,כן,מוצר,,0
"מכסה פלסטיק לגביע 1.5-2.5oz , א-2000 יח",3674,1,יחידות,כן,מארז,יחידות,2000,"חד פעמי ואריזות",סילקו,75,0,0,,כן,מארז,,0
"סט רויאל שחור -סכין, מזלג, מפית 1/8 ח״ש, מלח פלפל , 500 יח׳",754955,1,יחידות,כן,מארז,יחידות,500,"חד פעמי ואריזות",סילקו,104,0,0,,כן,מארז,,0
"נייר אפייה 60/40 סיליקון חום, 1000 יח׳",722003,1,יחידות,כן,מארז,יחידות,1000,"חומרי ניקוי",סילקו,205,0,0,,כן,מארז,,0
"כוס במבוק שתייה חמה 4oz, א- 1000 יח׳",1986,1,יחידות,כן,מארז,יחידות,1000,"חד פעמי ואריזות",סילקו,75,0,0,,כן,מארז,,0
"נוזל לחיטוי רב עוצמה פרו 131 סאסא 12 ק״ג 1 יח",604507,12,"ק""ג",כן,מארז,יחידות,1,"חומרי ניקוי",סילקו,124.71,0,0,,כן,מארז,,
"מסיר אבנית פרו 107 סאסא 4 ליטר, 1 יח",845004,4,ליטר,כן,מארז,יחידות,1,"חומרי ניקוי",סילקו,29.93,0,0,,כן,מארז,,
"אלף האיים מנות הלמנס 900 יחדות",29125,1,יחידות,כן,מארז,יחידות,900,"יבשים וקונדיטוריה","מנטור פוד בעמ",188,0,0,,כן,מארז,,0
"אקונומיקה ריחני - 4 ליטר מבושם",20121,4,ליטר,כן,מארז,יחידות,1,"חומרי ניקוי","מנטור פוד בעמ",12.82,0,0,,כן,מארז,,0
"בורגול עבה 5 ק""ג - חממה",7290004084103,5,"ק""ג",כן,מארז,יחידות,1,"יבשים וקונדיטוריה","מנטור פוד בעמ",25,0,0,,כן,מוצר,,0
"ביצים M - מארז 30 יח'",729001120614,1,יחידות,כן,מארז,יחידות,30,"יבשים וקונדיטוריה","מנטור פוד בעמ",28.5,0,0,,כן,מארז,,0
"חרדל 5 ק""ג תלמה",10520,5,"ק""ג",כן,מארז,יחידות,1,"יבשים וקונדיטוריה","מנטור פוד בעמ",78,0,0,,כן,מארז,,0
"טחינה גולמית 3 ק״ג",7290116630304,3,"ק""ג",כן,מארז,יחידות,1,"יבשים וקונדיטוריה","מנטור פוד בעמ",50,0,0,,כן,מארז,,0
"כדורי פירה טבעי תפוגן 2 ק״ג",40043621,2,"ק""ג",כן,מארז,יחידות,1,קפואים,"מנטור פוד בעמ",41,-6.2,0,,כן,מארז,,0
"מיונז הלמנס 9 ג 900 יח",20333,1,יחידות,כן,מארז,יחידות,900,"יבשים וקונדיטוריה","מנטור פוד בעמ",242,0,0,,כן,מארז,,0
"פנקו פרורי לחם 1 ק""ג מזרח ומערב",4955505900156,1,"ק""ג",לא,,,,"יבשים וקונדיטוריה","מנטור פוד בעמ",12.94,0,0,,כן,מוצר,,0
"פצפוצי אורז",16915,0.45,"ק""ג",לא,מארז,יחידות,10,"יבשים וקונדיטוריה","מנטור פוד בעמ",16,0,0,,כן,מוצר,,0
"פרורי לחם גרמני מוזהבים 10 ק""ג",220960,10,"ק""ג",כן,מארז,יחידות,1,"יבשים וקונדיטוריה","מנטור פוד בעמ",60,0,0,,כן,מארז,,0
"קטשופ מנות 9 ג 996 יח'",23296,1,יחידות,כן,מארז,יחידות,996,"יבשים וקונדיטוריה","מנטור פוד בעמ",142,0,0,,כן,מארז,,0
"קמח מן 1 קג (10 ביח')",10685,1,"ק""ג",כן,מארז,יחידות,10,"יבשים וקונדיטוריה","מנטור פוד בעמ",34.19,0,0,,כן,מארז,,0
"קמח תפוח אדמה 500 גרם-חיידר",23306,0.5,"ק""ג",כן,מארז,יחידות,1,"יבשים וקונדיטוריה","מנטור פוד בעמ",4.7,17.02,0,,כן,מארז,,0
"רבעי ארטישוק במי מלח 2.5 ק""ג",8056515243588,2.5,"ק""ג",כן,מארז,יחידות,1,"יבשים וקונדיטוריה","מנטור פוד בעמ",39.99,0,0,,כן,שקיל,,0
"רוטב צ'ילי מתוק משופר 4.6 קג",2126563,4.6,"ק""ג",כן,מארז,יחידות,1,"יבשים וקונדיטוריה","מנטור פוד בעמ",48.24,0,0,,כן,שקיל,,0
"שעועית ירוקה שלמה עדינה 2.5 ק""ג",19060727,2.5,"ק""ג",כן,מארז,יחידות,1,קפואים,"מנטור פוד בעמ",28.2,0,0,,כן,מארז,,0
"שקד מולבן פרוס 10 ק״ג - חידר",24092003,10,"ק""ג",כן,מארז,יחידות,1,"יבשים וקונדיטוריה","מנטור פוד בעמ",453,0,0,,כן,מארז,,0
"חמאה טלי 200 גרם שחור",7290002408895,200,גרם,כן,מארז,יחידות,1,"מוצרי חלב וגבינות","מנטור פוד בעמ",8.55,0,0,,כן,מארז,,
"מחית אבוקדו האס מקסיקני 1 קג -10",7290019060079,1,"ק""ג",כן,מארז,יחידות,10,"חומרי גלם לבישול","מנטור פוד בעמ",250,0,0,,כן,מארז,,
"מלח שולחן 1 ק""ג מעולה",7290004063016,1,"ק""ג",כן,מארז,יחידות,12,"יבשים וקונדיטוריה","מנטור פוד בעמ",20,0,0,,כן,"מארז + יחידת מידה במארז",,
"מרק בשר 1 ק""ג קנור",12228,1,"ק""ג",לא,,,,"יבשים וקונדיטוריה","מנטור פוד בעמ",43,0,0,,כן,ללא,,
"סוכר חבילות 1 ק""ג (10 בחב')",10605,1,"ק""ג",כן,מארז,יחידות,10,"יבשים וקונדיטוריה","מנטור פוד בעמ",40,0,0,,כן,מארז,,
"אצבעות מוצרלה",320324,1,"ק""ג",כן,מארז,יחידות,1,"מוצרי חלב וגבינות","מיגם יבוא בעמ",40,0,0,,כן,שקיל,,0
"גאודה מגורדת מלקוויטה 29% 1 ק""ג",89245678,1,"ק""ג",לא,,,,"מוצרי חלב וגבינות","מיגם יבוא בעמ",32,0,0,,כן,מוצר,,0
"חלב תנובה 1 ליטר טרי 3%",7290004131074,1,ליטר,לא,,,,"מוצרי חלב וגבינות","מיגם יבוא בעמ",5.5,-21.82,0,,כן,מוצר,,0
"חמאה 82% 200 גר מחלבת ברונובלסק",4820227510245,0.2,"ק""ג",כן,מארז,יחידות,1,"מוצרי חלב וגבינות","מיגם יבוא בעמ",16,0,0,,כן,מארז,,0
"יוגורט תנובה כד 1.5 ליטר 4%",72900000043944,1.5,ליטר,כן,מארז,יחידות,1,"מוצרי חלב וגבינות","מיגם יבוא בעמ",16,0,0,,כן,מארז,,0
"מוצרלה פיצה שף פרוס 4 מילמטר",320333,1,"ק""ג",כן,מארז,יחידות,1,"מוצרי חלב וגבינות","מיגם יבוא בעמ",32,0,0,,כן,שקיל,,0
"מוצרלה pizza first מגורדת 2 ק״ג",5901625004839,2,"ק""ג",לא,,,,"מוצרי חלב וגבינות","מיגם יבוא בעמ",58,0,0,,כן,מוצר,,0
"פרמזן איטלקי 1/8 גלגל",370246,1,"ק""ג",לא,מארז,יחידות,1,"מוצרי חלב וגבינות","מיגם יבוא בעמ",65,0,0,,כן,מוצר,,0
"צ'דר כתום - פרוס",35657822,1,"ק""ג",לא,מארז,יחידות,1,"מוצרי חלב וגבינות","מיגם יבוא בעמ",45,0,0,,כן,מוצר,,0
"צהובה גאודה פרוסה מארז 1 קג מלקו",5900512110042,1,"ק""ג",לא,מארז,יחידות,1,"מוצרי חלב וגבינות","מיגם יבוא בעמ",34,0,0,,כן,מוצר,,0
"צהובה פרוסה פרלה 1 ק״ג",5904716013376,1,"ק""ג",לא,,,,"מוצרי חלב וגבינות","מיגם יבוא בעמ",27.7,-22.74,0,0,כן,מוצר,,0
"שמנת 33% להקצפה ובישול 5 ליטר",5903337007757,5,ליטר,לא,מארז,יחידות,1,"מוצרי חלב וגבינות","מיגם יבוא בעמ",81,0,0,,כן,מוצר,,0
"סליק קולה ZERO   מבצע",30217,330,"מ""ל",כן,מארז,יחידות,24,"משקאות קלים","החברה המרכזית למשקאות בעמ",64.87,16,6.10333,,כן,"מארז + יחידת מידה במארז",7290011017873,
"קוקה קולה קלאסי- 350 מל",10031,350,"מ""ל",כן,מארז,יחידות,24,"משקאות קלים","החברה המרכזית למשקאות בעמ",94.16,0,6.24,,כן,"מארז + יחידת מידה במארז",7290001594025,
"סליק קוקה קולה 330 מ""ל מבצע",33300,24,יחידות,לא,מארז,יחידות,24,"משקאות קלים","החברה המרכזית למשקאות בעמ",64.87,16,6.10332,,כן,"מארז + יחידת מידה במארז",7290011017866,
"קוקה קולה שישיות 1.5 ליטר",31879,1.5,ליטר,כן,מארז,יחידות,6,"משקאות קלים","החברה המרכזית למשקאות בעמ",39.14,0,1.53,,כן,"מארז + יחידת מידה במארז",7290110115364,
"קולה ZERO שישיות",32186,1.5,ליטר,כן,מארז,יחידות,6,"משקאות קלים","החברה המרכזית למשקאות בעמ",39.14,0,1.53,,כן,"מארז + יחידת מידה במארז",7290110115418,
"קולה ZERO קלאסי - 350 מל",23433,350,"מ""ל",כן,מארז,יחידות,24,"משקאות קלים","החברה המרכזית למשקאות בעמ",94.16,0,6.24,,כן,"מארז + יחידת מידה במארז",7290008909884,
"סליק ספרייט זירו 330 מ""ל",30214,330,"מ""ל",כן,מארז,יחידות,24,"משקאות קלים","החברה המרכזית למשקאות בעמ",64.87,15,6.10333,,כן,"מארז + יחידת מידה במארז",7290013585233,
"שרינק FUZE tea אפרסק - 0.5 ליטר",30879,0.5,ליטר,כן,מארז,יחידות,24,"משקאות קלים","החברה המרכזית למשקאות בעמ",98.32,0,6.10333,,לא,"מארז + יחידת מידה במארז",7290011018184,
"ג'אמפ אקסטרה פרוט אשכוליות",3005507,330,"מ""ל",כן,מארז,יחידות,24,"משקאות קלים",טמפו,51.564,0,6.15,,כן,"מארז + יחידת מידה במארז",7290008464901,
"ג'אמפ אקסטרה פרוט ענבים 1.5 תריסר",3005481,1.5,"מ""ל",כן,מארז,יחידות,12,"משקאות קלים",טמפו,49.05,0,3.05,,כן,"מארז + יחידת מידה במארז",7290000136523,
"ג'אמפ אקסטרה פרוט תות בננה 330 בק' 24 יח",3005492,330,"מ""ל",כן,מארז,יחידות,24,"משקאות קלים",טמפו,51.5726,0,6.10333,,כן,"מארז + יחידת מידה במארז",7290008464918,
"ג'אמפ אקסטרה פרוט תפוזים 330 בק' 24 יח",3005506,330,"מ""ל",כן,מארז,יחידות,24,"משקאות קלים",טמפו,85.94,25.01,6.1,,כן,"מארז + יחידת מידה במארז",7290008464895,
"ג'אמפ אקסטרה פרוט ענבים 330 בק' 24 יח",3005495,300,סמ״ק,כן,מארז,יחידות,24,"משקאות קלים",טמפו,51.564,0,6.10167,,כן,"מארז + יחידת מידה במארז",7290008464963,
"ג'ינג'ר אייל  בקבוק",3005030,275,"מ""ל",כן,מארז,יחידות,24,"משקאות קלים",טמפו,94.43,12,6.15,,כן,"מארז + יחידת מידה במארז",7290008464642,
"מירינדה 330 מ""ל בקבוק 24 יח'",3002045,330,"מ""ל",כן,מארז,יחידות,24,"משקאות קלים",טמפו,89.1,30,6.15,,כן,"מארז + יחידת מידה במארז",7290006764041,
"מירינדה פחית צרה 330 שישייה ח",7009906,6,יחידות,כן,מארז,יחידות,4,"משקאות קלים",טמפו,49.8023,0,6.15333,,כן,"מארז + יחידת מידה במארז",7290000327037,
"משטח זר",1002841,1,יחידות,לא,,,,"משקאות קלים",טמפו,10,0,0,,כן,"מארז + יחידת מידה במארז",7290011133566,
"משטח מים",1002842,1,יחידות,לא,,,,"משקאות קלים",טמפו,10,0,0,,כן,"מארז + יחידת מידה במארז",7290011133559,
"נשר מאלט ח""פ 330 בקבוק שישייה",3003336,6,יחידות,כן,מארז,יחידות,4,"משקאות קלים",טמפו,90.18,20,6.15,,כן,"מארז + יחידת מידה במארז",7290006764485,
"סבן אפ 330 מ""ל בקבוק 24 יח'",3002047,330,"מ""ל",כן,מארז,יחידות,24,"משקאות קלים",טמפו,89.1,30,6.15,,כן,"מארז + יחידת מידה במארז",7290006764027,
"סבן אפ פחית צרה 330 שישייה ח",7009907,330,"מ""ל",כן,מארז,יחידות,4,"משקאות קלים",טמפו,49.794,0,6.154,,כן,"מארז + יחידת מידה במארז",7290000327044,
"סודה 275 מ""ל בקבוק 24 יח'",3005027,275,"מ""ל",כן,מארז,יחידות,24,"משקאות קלים",טמפו,60.01,25,6.10143,,כן,"מארז + יחידת מידה במארז",7290008464611,
"סן בנדטו 500 מ""ל 4 שישיות",7002020,6,יחידות,כן,מארז,יחידות,4,"משקאות קלים",טמפו,87.29,65,0.508333,,כן,"מארז + יחידת מידה במארז",7290006229427,
"דיאט סבן אפ בקבוק",3002048,330,"מ""ל",כן,מארז,יחידות,24,"משקאות קלים",טמפו,89.1,30,6.1,,כן,"מארז + יחידת מידה במארז",7290006764034,
"פפסי 1.5 ליטר שישייה פק",3005386,1.5,ליטר,כן,מארז,יחידות,1,"משקאות קלים",טמפו,44,0,1.53,,כן,"מארז + יחידת מידה במארז",7290000136769,
"פפסי 330 מ""ל בקבוק 24 יח'",3002044,330,"מ""ל",כן,מארז,יחידות,24,"משקאות קלים",טמפו,89.1,0,6.1,,כן,"מארז + יחידת מידה במארז",7290006764003,
"פפסי פחית צרה 330 שישייה ח",7009905,6,יחידות,כן,מארז,יחידות,4,"משקאות קלים",טמפו,80.49,0,6.15,,כן,"מארז + יחידת מידה במארז",7290000327020,
"פפסי מקס פחית צרה 330 שישייה ח",7009809,6,יחידות,כן,מארז,יחידות,4,"משקאות קלים",טמפו,82.99,0,6.10333,,כן,"מארז + יחידת מידה במארז",7290011133634,
"XL פחית",3003372,250,"מ""ל",כן,מארז,יחידות,24,"משקאות קלים",טמפו,87.2,0,0.7625,,כן,"מארז + יחידת מידה במארז",5906485301012,
"ברוסט טלה מפורק",1017,1,"ק""ג",כן,מארז,יחידות,1,בשר,"ביאצה מפעל למעדני בשר בעמ",55,0,0,,כן,מוצר,,0
"חזה עוף פרוס 70ג״ר (שניצל)",1032,1,"ק""ג",לא,מארז,יחידות,1,בשר,"ביאצה מפעל למעדני בשר בעמ",33,0,0,,כן,מוצר,,0
"כנפיים עוף חצוי",1024,1,"ק""ג",לא,מארז,יחידות,1,בשר,"ביאצה מפעל למעדני בשר בעמ",14,0,0,,כן,מוצר,,0
"פילה עוף",1030,1,"ק""ג",כן,מארז,יחידות,1,בשר,"ביאצה מפעל למעדני בשר בעמ",35,0,0,,כן,מוצר,,0
"קוביות פילה עוף",1165,1,"ק""ג",כן,מארז,יחידות,1,בשר,"ביאצה מפעל למעדני בשר בעמ",35,0,0,,כן,מוצר,,0
"אלף האיים מנות הלמנס 900 י״ח",68079,1,יחידות,כן,מארז,יחידות,900,"יבשים וקונדיטוריה","בני מאלק סוידאן בעמ",172,0,0,,כן,מארז,,0
"בוטנים מטוגנים גרוסים 1 קג",60333,1,"ק""ג",לא,,,,"יבשים וקונדיטוריה","בני מאלק סוידאן בעמ",24,0,0,,כן,מוצר,,0
"בורגול טורקי עבה",10804,25,"ק""ג",כן,מארז,יחידות,1,"יבשים וקונדיטוריה","בני מאלק סוידאן בעמ",120,0,0,,כן,שקיל,,0
"זיתים קלמטה מגולען חצאים 10 ק",40231,10,"ק""ג",לא,מארז,יחידות,1,"חומרי גלם לבישול","בני מאלק סוידאן בעמ",23,0,0,,כן,מוצר,,0
"חמוציות חתוך 4.5 ק״ג",223055,4.5,"ק""ג",כן,מארז,יחידות,1,"יבשים וקונדיטוריה","בני מאלק סוידאן בעמ",22,0,0,,כן,מארז,,0
"טמפורה (בלילה) 1 ק״ג - מזרח ומע",48573,1,"ק""ג",כן,מארז,יחידות,10,"יבשים וקונדיטוריה","בני מאלק סוידאן בעמ",150,0,0,,כן,מארז,,0
"מיונז מנות הלמנס 900 י״ח",68093,1,יחידות,כן,מארז,יחידות,900,"יבשים וקונדיטוריה","בני מאלק סוידאן בעמ",258,0,0,,כן,מארז,,0
"מלח דק 1 ק״ג",65301,1,"ק""ג",כן,מארז,יחידות,12,"חומרי גלם לבישול","בני מאלק סוידאן בעמ",20.4,0,0,,כן,מארז,,0
"מרק בקר תלמה 1 ק״ג (10 יחידות)",50411,1,"ק""ג",כן,מארז,יחידות,10,"חומרי גלם לבישול","בני מאלק סוידאן בעמ",360,0,0,,כן,מארז,,0
"מרק דגש תלמה 1 ק״ג",50401,1,"ק""ג",כן,מארז,יחידות,10,"חומרי גלם לבישול","בני מאלק סוידאן בעמ",160,0,0,,כן,מארז,,0
"סוכר 1 ק״ג",65101,1,"ק""ג",כן,מארז,יחידות,10,"חומרי גלם לבישול","בני מאלק סוידאן בעמ",45,6.67,0,,כן,מארז,,0
"סומאק אקסטרא",32501,1,"ק""ג",לא,,,,"חומרי גלם לבישול","בני מאלק סוידאן בעמ",35,0,0,,כן,מוצר,,0
"פירורי לחם מוזהב10 ק״ג",48572,10,"ק""ג",כן,מארז,יחידות,1,"חומרי גלם לבישול","בני מאלק סוידאן בעמ",60,0,0,,כן,מארז,,0
"פלפל שחור גרוס בשקוביץ/ברמן 1ק",304055,1,"ק""ג",לא,,,,"חומרי גלם לבישול","בני מאלק סוידאן בעמ",35,-28.57,0,,כן,מוצר,,0
"פלפל שחור טחון 1 ק״ג ex",30406,1,"ק""ג",לא,,,,"חומרי גלם לבישול","בני מאלק סוידאן בעמ",35,-28.57,0,,כן,מוצר,,0
"קטשופ מנות הלמנס 996 יח׳",67185,1,יחידות,כן,מארז,יחידות,996,"יבשים וקונדיטוריה","בני מאלק סוידאן בעמ",138,0,0,,כן,מארז,,0
"קינואה אדומה 25 ק״ג",68399,25,"ק""ג",לא,,,,"חומרי גלם לבישול","בני מאלק סוידאן בעמ",85,0,0,,כן,מוצר,,0
"קמח תפוח אדמה 500 גרם- אין הח",11003,0.5,"ק""ג",כן,מארז,יחידות,20,"חומרי גלם לבישול","בני מאלק סוידאן בעמ",80,0,0,,כן,מארז,,0
"רוטב ברבקיו הלמנס 5.8 ק״ג",68217,5.8,"ק""ג",לא,,,,"יבשים וקונדיטוריה","בני מאלק סוידאן בעמ",95,0,0,,כן,מוצר,,0
"רוטב ברבקיו הלמנס מנות 996 יח׳",68694,1,יחידות,כן,מארז,יחידות,996,"יבשים וקונדיטוריה","בני מאלק סוידאן בעמ",215,0,0,,כן,מארז,,0
"רוטב טריאקי קנור 6.4 ק״ג",50671,6.4,"ק""ג",כן,מארז,יחידות,4,"יבשים וקונדיטוריה","בני מאלק סוידאן בעמ",113,0,0,,כן,מארז,,0
"רוטב סויה קלאסי קנור 6 ק״ג",50381,6,"ק""ג",כן,מארז,יחידות,4,"יבשים וקונדיטוריה","בני מאלק סוידאן בעמ",424,0,0,,כן,מארז,,0
"רכז רימונים גלון 4 ק״ג",48355,4,"ק""ג",כן,מארז,יחידות,4,"חומרי גלם לבישול","בני מאלק סוידאן בעמ",88,0,0,,כן,מארז,,0
"שום כתוש מיטב 5 ק״ג",66506,5,"ק""ג",לא,מארז,יחידות,1,"חומרי גלם לבישול","בני מאלק סוידאן בעמ",58,0,0,,כן,מוצר,,0
"תמרים ג׳מבו יצוא (זהב לבן) 5 ק",68204,5,"ק""ג",כן,מארז,יחידות,1,"יבשים וקונדיטוריה","בני מאלק סוידאן בעמ",180,0,0,,כן,מארז,,0
"גבינה חלומי וואיט 3 ק״ג",50808,3,"ק""ג",כן,מארז,יחידות,1,"מוצרי חלב וגבינות","בני מאלק סוידאן בעמ",53,0,0,,כן,מארז,,
"גבינת פטה 4 ק״ג- כשרות מיוחדת",50801,4,"ק""ג",לא,מארז,יחידות,1,"מוצרי חלב וגבינות","בני מאלק סוידאן בעמ",100,0,0,,כן,מוצר,,
"לחמניה בורגר גדול",1001,1,יחידות,לא,מארז,יחידות,20,"לחמניות ולחמים","רייף בייקרי",2.25,0,0,,כן,"יחידת מידה במארז",,
"בשר בקר להמבורגר",,1,"ק""ג",לא,ארגז,יחידות,1,בשר,אשרף,50.8474,0,0,,כן,מוצר,,
"לחמנייה בורגר ילדים",1002,1,יחידות,לא,ארגז,יחידות,20,"לחמניות ולחמים","רייף בייקרי",2,0,0,,כן,מוצר,,
"מלח 1/12 קג שולחן דק",1400,1,"ק""ג",כן,מארז,חבילות,12,"יבשים וקונדיטוריה","שופרסל אמיגה",1.44,0,0,,כן,מארז,,
"פלפל שחור טחון 1 קג נפטון",37320,1,"ק""ג",לא,,,,"יבשים וקונדיטוריה","שופרסל אמיגה",28,0,0,,כן,ללא,,
"ג׳מבו תאית 1/12",1,1,יחידות,כן,שקית,יחידות,12,"חומרי ניקוי","אוורסט מפעל לייצור מוצרי נייר בעמ",35,14.53,0,,כן,מוצר,,
"חמוציות חתוך 1/11.34",22305,11.34,"ק""ג",לא,,,1,"יבשים וקונדיטוריה","בני מאלק סוידאן בעמ",238.14,0,0,,כן,שקיל,,
"תבלין פרגיות פלדלפיה 1 ק״ג",329022,1,"ק""ג",לא,,,1,"יבשים וקונדיטוריה","בני מאלק סוידאן בעמ",40,45,0,,כן,שקיל,,
"דיאט סבן אפ פחית צרה 330 שישייה ח",7009925,330,"מ""ל",כן,מארז,יחידות,4,"משקאות קלים",טמפו,80.49,39.99,6.15,,כן,"מארז + יחידת מידה במארז",7290000135182,
"אבוקדו טבעי 1 ק״ג קפוא",13351000,1,"ק""ג",כן,קרטון,שקיות,10,קפואים,"טרז פזוס שיווק בעמ",19,0,0,,כן,מוצר,,
"אבוקדו טבעי 1 ק״ג קפוא",1335100,1,"ק""ג",כן,מארז,יחידות,10,קפואים,"טרז פזוס שיווק בעמ",260.755,0,0,,כן,מארז,,
"טחון עגלה להמבורגר קפוא ארוז",40020,1,"ק""ג",לא,,,1,בשר,"אק.סי.לנס מייט בע״מ",42,0,0,,כן,שקיל,,
"חומץ חום 4 ליטר בשקביץ",180620,4,ליטר,לא,,,1,"יבשים וקונדיטוריה","מנטור פוד בעמ",16.43,0,0,,כן,שקיל,,
"רוטב אלף האיים בלאק 4 ליטר",2126557,4,ליטר,לא,,,1,"יבשים וקונדיטוריה","מנטור פוד בעמ",93,0,0,,כן,שקיל,,
"רביולי גבינות מחולק למנות",131714,1,"ק""ג",לא,,,1,קפואים,"מנטור פוד בעמ",47.86,0,0,,כן,שקיל,,
"שייטל עגלה מינוט פרוס 1.5 מ״מ ארוז 130 גרם קפוא",30054,1,"ק""ג",לא,,,1,בשר,"אק.סי.לנס מייט בע״מ",65,0,0,,כן,שקיל,,
"רוטב טריאקי 6.4 ק״ג קנור",7290000168760,6.4,"ק""ג",לא,,,1,"יבשים וקונדיטוריה","מנטור פוד בעמ",113.18,0,0,,כן,שקיל,,
"סוכר סוגת 1 ק״ג",211503,10,"ק""ג",לא,,,1,"יבשים וקונדיטוריה","שופרסל אמיגה",3.5,0,0,,כן,שקיל,,
"פלפל שחור גרוס 1 קג",7290015543323,1,"ק""ג",לא,,,1,"יבשים וקונדיטוריה","שופרסל אמיגה",30.93,0,0,,כן,שקיל,,
"רוטב אלף איים 4 ק״ג",7290112010049,4,"ק""ג",לא,,,1,"יבשים וקונדיטוריה","שופרסל אמיגה",39,-2.54,0,,כן,שקיל,,
"מיונז מנות 9 גרם",7290116530796,900,יחידות,לא,,,900,"יבשים וקונדיטוריה","שופרסל אמיגה",149.99,0,0,,כן,מוצר,,
"בורגול עבה 5 ק״ג",7290012004933,5,"ק""ג",לא,,,1,"יבשים וקונדיטוריה","שופרסל אמיגה",23,-2.13,0,,כן,שקיל,,
"קופסת בורגר משפחתי",722235365,1,יחידות,לא,,,,"חד פעמי ואריזות","קי.אי.אם שירותי סחר בע״מ",4.5,-3.11,0,,כן,מוצר,,
"מגבון לח",720001110,1,יחידות,לא,,,,"חד פעמי ואריזות","קי.אי.אם שירותי סחר בע״מ",0.103,0,0,,כן,מוצר,,
"רבנות כרובית פרחים 4/2.5 מילוטל",66611477,2.5,"ק""ג",כן,קרטון,שקיות,4,קפואים,"קפוא זן",112,-1.79,0,,כן,שקיל,,
"שמן טיגון מתקדם 10 ליטר",3500001,10,ליטר,לא,,,,"יבשים וקונדיטוריה",פאנדאנגו,89.6,0,0,,כן,ללא,,
"מסנן רשת מסגרת ez-flow",9ka5510,1,יחידות,לא,,,,"יבשים וקונדיטוריה",פאנדאנגו,360,0,0,,כן,ללא,,
"אבקת סינון שמן ביונד אוייל 1/50",3500005,50,"ק""ג",לא,,,,"יבשים וקונדיטוריה",פאנדאנגו,1250,0,0,,כן,ללא,,
"שמן איסוף",1,1,יחידות,לא,,,1,"יבשים וקונדיטוריה",פאנדאנגו,-5,20,0,0,כן,ללא,,
"חסה עגולה מגש (6 יח)",40003,1,יחידות,כן,מארז,יחידות,6,"ירקות פירות ועשבי תיבול","עונות ישראל",27,0,0,0,לא,שקיל,,
"חסה לליק נספק",43245,0.5,"ק""ג",לא,,,1,"ירקות פירות ועשבי תיבול","עונות ישראל",9,-8.89,0,,לא,שקיל,,
"נבטי חמניה יח",40201,1,יחידות,לא,,,1,"ירקות פירות ועשבי תיבול","עונות ישראל",6.5,0,0,0,לא,שקיל,,
"בצל מקולף",40151,1,"ק""ג",לא,,,1,"ירקות פירות ועשבי תיבול","עונות ישראל",5,-40,0,0,לא,שקיל,,
"משחת כלים דלי",40108,1,יחידות,לא,,,1,"חומרי ניקוי","סיוון חומרי ניקיון",48.3,0,0,,כן,שקיל,,
"סחבה מיקרופייבר בתפזורת (120 בקרטון)",40442,120,יחידות,לא,,,1,"חומרי ניקוי","סיוון חומרי ניקיון",384,0,0,,כן,שקיל,,
"מטליות 110 בתפזורת 250 יח",7712,250,יחידות,לא,,,1,"חומרי ניקוי",סילקו,96,3,0,,כן,שקיל,,
"פרגפלסט- דפי ניילון להפרדה 1 חב",7181,1,יחידות,לא,,,1,"חומרי ניקוי",סילקו,16,0,0,,כן,שקיל,,
"מיכל פ.פ מלבני 2 ליטר 135 יח",753201,135,יחידות,לא,,,1,"חד פעמי ואריזות",סילקו,110,0,0,,כן,שקיל,,
"סמרטוט רצפה לבן זיג זג 12 יח",077000,12,יחידות,לא,,,1,"חומרי ניקוי",סילקו,18,0,0,,כן,שקיל,,
"מזלגון עץ 9 ס״מ 100 יח",7858,1,יחידות,לא,,,1,"חד פעמי ואריזות",סילקו,2.6,0,0,,כן,שקיל,,
"כפפות ניטריל שחורות M א-100 יח",745306,1,יחידות,לא,,,1,"חומרי ניקוי",סילקו,12.18,3,0,,כן,מוצר,,
"מטאטא ניילון 30 ס״מ 1 יח",7477,1,יחידות,לא,,,1,"חומרי ניקוי",סילקו,4.25,0,0,,כן,שקיל,,
"מלח גבישי 25 ק״ג למדיח",6080,25,"ק""ג",לא,,,1,"חומרי ניקוי",סילקו,32,0,0,,כן,שקיל,,
"גורג קינג קריספי",1,1,יחידות,לא,,,1,"חד פעמי ואריזות","מרכז החד פעמי",0.74,0,0,0,כן,שקיל,,
"מפיות פרח קריספי",106,1800,יחידות,לא,,,1,"חד פעמי ואריזות","מרכז החד פעמי",134.999,0,0,0,כן,שקיל,,
"ביו חצי מודפס אקס",4123,1,יחידות,לא,,,1,"חד פעמי ואריזות","מרכז החד פעמי",0.67,0,0,0,כן,שקיל,,
"חמאה צרפתית פלשרד 200גר",7290019982142,200,גרם,לא,,,1,"מוצרי חלב וגבינות","מיגם יבוא בעמ",7,-28.57,0,0,כן,שקיל,,
"בולגרית קריסטל דליקטס 4 ק״ג",72908605862,4,"ק""ג",לא,,,1,"מוצרי חלב וגבינות","מיגם יבוא בעמ",92,0,0,,כן,שקיל,,
"לחמניה קמח מלא",10052,1,יחידות,לא,,,1,"לחמניות ולחמים","רייף בייקרי",1.8,0,0,0,כן,שקיל,,
"ג'אמפ אקסטרה פרוט אשכוליות 1.5 תריסר",3005486,1.5,ליטר,כן,מארז,יחידות,12,"משקאות קלים",טמפו,47.58,0,3.05,,כן,"מארז + יחידת מידה במארז",7290000136455,
"סודה 1.5 ליטר שישייה בודד",3005397,1,יחידות,כן,מארז,יחידות,6,"משקאות קלים",טמפו,26.95,49.02,1.525,,כן,"מארז + יחידת מידה במארז",7290000136240,
"סיידר תפוח צלול  בקבוק",3001711,330,"מ""ל",כן,קרטון,בקבוקים,24,"משקאות קלים",טמפו,127.58,33,6.15,,כן,"מארז + יחידת מידה במארז",7290000336282,
"סיידר תפוח מוגז",3005051,275,"מ""ל",כן,קרטון,בקבוקים,24,"משקאות קלים",טמפו,106.31,33,0,,כן,"מארז + יחידת מידה במארז",7290010822096,
"מי עדן שישיה",7011897,1,יחידות,כן,חבילה,יחידות,6,"משקאות קלים",טמפו,18.61,43.9,1.52533,,כן,"מארז + יחידת מידה במארז",7290019056973,
"צ׳יפוטלה ברוטב אדובאדו 2.8 ק״ג",66598,2.8,"ק""ג",כן,ארגז,יחידות,6,"יבשים וקונדיטוריה","בני מאלק סוידאן בעמ",450,0,0,,כן,ללא,,
"עמבה 5 ק״ג דלי שמש",23502,5,"ק""ג",לא,,,,"יבשים וקונדיטוריה","שופרסל אמיגה",23.99,0,0,,כן,ללא,,
"רוטב חריף סריראצ׳ה 482 גר",24463061095,1,יחידות,כן,מארז,יחידות,12,"יבשים וקונדיטוריה","שופרסל אמיגה",23.89,0,0,,כן,מארז,,
עגבניה,,1,"ק""ג",לא,,,,"ירקות פירות ועשבי תיבול","י.ס פירות וירקות",5,0,0,,לא,ללא,,
מלפפון,,1,"ק""ג",לא,,,,"ירקות פירות ועשבי תיבול","י.ס פירות וירקות",4.5,0,0,,לא,ללא,,
"תפוח אדמה אדום",,1,"ק""ג",לא,,,,"ירקות פירות ועשבי תיבול","י.ס פירות וירקות",5,-10,0,,לא,ללא,,
"רוטב טריאקי 6.4 קג",168760,6.4,"ק""ג",לא,,,,"יבשים וקונדיטוריה","שופרסל אמיגה",110,0,0,,כן,ללא,,
"שקית רוטבים נייר 17.7 ס״מ 40 גר",722235363,1,"ק""ג",לא,,,1,"חד פעמי ואריזות","קי.אי.אם שירותי סחר בע״מ",31,0,0,,כן,מוצר,,
"עמבה הודית ס.נחום 4 ק״ג",50341,5,"ק""ג",לא,,,1,"יבשים וקונדיטוריה","בני מאלק סוידאן בעמ",29,0,0,,כן,שקיל,,
"נביעות 1.5 ליטר שישייה",32196,1.5,ליטר,כן,ארגז,בקבוקים,6,"משקאות קלים","החברה המרכזית למשקאות בעמ",19.51,0,1.5255,,כן,"מארז + יחידת מידה במארז",7290110114855,
"סליק ספרייט LIME   מבצע",30154,330,"מ""ל",כן,ארגז,פחיות,24,"משקאות קלים","החברה המרכזית למשקאות בעמ",64.87,15,3.05,,כן,"מארז + יחידת מידה במארז",7290110110659,
"אוללה מים מוגזים בטעם אפרסק פחית 330 מ""ל",7011393,1,יחידות,כן,מארז,יחידות,24,"משקאות קלים",טמפו,70.67,0,6.15,0,כן,"מארז + יחידת מידה במארז",80016220023273,
"אוללה מים מוגים בטעם אבטיח פחית 330 מ""ל",7011394,1,יחידות,כן,מארז,יחידות,24,"משקאות קלים",טמפו,70.67,0,6.15,0,כן,"מארז + יחידת מידה במארז",8001620023280,
"אוללה מים מוגזים בטעם אננס פחית 330 מ""ל",7011395,1,יחידות,כן,מארז,יחידות,24,"משקאות קלים",טמפו,70.67,30,6.15,0,כן,"מארז + יחידת מידה במארז",8001620023266,
"אוללה מים מוגזים בטעם ליים פחית 330 מ""ל",7011396,1,יחידות,כן,מארז,יחידות,24,"משקאות קלים",טמפו,70.67,30,6.15,0,כן,"מארז + יחידת מידה במארז",8001620023259,
"פפסי מקס 330 מ""ל בקבוק 24 יח'",3002046,330,"מ""ל",כן,מארז,בקבוקים,24,"משקאות קלים",טמפו,89.1,30,6.1,,כן,"מארז + יחידת מידה במארז",7290006764010,
"אסאדו עגלה שלם מפורק טרי",20097,1,"ק""ג",לא,,,1,בשר,"אק.סי.לנס מייט בע״מ",45,0,0,,כן,שקיל,,
"נוזל רצפות פרו 99 סאסא 4 ליטר *4 יח",601015,1,יחידות,לא,,,1,"חומרי ניקוי",סילקו,75,3,0,,כן,מוצר,,
"אשפתון עבה 76/85 ld שחור (25 יח בגליל), א-500 יח",7291,1,יחידות,לא,,,1,"חומרי ניקוי",סילקו,155,0,0,,כן,מוצר,,
"אקסטרא שומנית משופר 25 ק״ג",401762,1,יחידות,לא,,,1,"חומרי ניקוי","סיוון חומרי ניקיון",157.5,0,0,,כן,מוצר,,
בטטה,231,1,יחידות,לא,,,1,"ירקות פירות ועשבי תיבול","י.ס פירות וירקות",8.5,0,0,,כן,שקיל,,
לימון,38,1,יחידות,לא,,,1,"ירקות פירות ועשבי תיבול","י.ס פירות וירקות",12,0,0,,לא,שקיל,,
"פלפל אדום",15,1,"ק""ג",לא,,,1,"ירקות פירות ועשבי תיבול","י.ס פירות וירקות",6.5,0,0,,לא,שקיל,,
"פלפל צהוב",17,1,יחידות,לא,,,1,"ירקות פירות ועשבי תיבול","י.ס פירות וירקות",7,0,0,,לא,שקיל,,
קוסברה,73,0.15,"ק""ג",כן,מארז,יחידות,1,"ירקות פירות ועשבי תיבול","י.ס פירות וירקות",3,0,0,,לא,מארז,,
גרגיר,78,1,נספק,לא,,,1,"ירקות פירות ועשבי תיבול","י.ס פירות וירקות",45,0,0,,לא,שקיל,,
בזיל,999,1,שקית,לא,,,1,"ירקות פירות ועשבי תיבול","י.ס פירות וירקות",10,0,0,,לא,שקיל,,
"פלפל צילי",9999,1,"ק""ג",לא,,,1,"ירקות פירות ועשבי תיבול","י.ס פירות וירקות",12,0,0,,כן,שקיל,,
"אטריות אורז",1221,1,יחידות,לא,,,1,"ירקות פירות ועשבי תיבול","י.ס פירות וירקות",12.9,0,0,,לא,מוצר,,
"אטריות אורז",1223,1,יחידות,לא,,,1,"ירקות פירות ועשבי תיבול","י.ס פירות וירקות",9.9,0,0,,לא,מוצר,,
"המבורגר אישי 42",33009,1,יחידות,לא,,,1,"לחמניות ולחמים","גרין לייט פוד בע״מ",3.32,0,0,0,כן,שקיל,,
קניה,12345,1,יחידות,לא,,,1,"ירקות פירות ועשבי תיבול","י.ס פירות וירקות",488,0,0,0,לא,ללא,,
פטריות,139384,1,"ק""ג",לא,,,1,"ירקות פירות ועשבי תיבול","י.ס פירות וירקות",33,-66.67,0,,לא,שקיל,,
חסה,124959,1,יחידות,לא,,,1,"ירקות פירות ועשבי תיבול","י.ס פירות וירקות",5,0,0,,לא,שקיל,,
"כרוב לבן",129383,1,"ק""ג",לא,,,1,"ירקות פירות ועשבי תיבול","י.ס פירות וירקות",6,-25,0,,לא,שקיל,,
"נבטי חמניה",95858,1,יחידות,לא,,,1,"ירקות פירות ועשבי תיבול","י.ס פירות וירקות",7,-42.86,0,,לא,שקיל,,
כרובית,29292,1,קרטון,לא,,,1,"ירקות פירות ועשבי תיבול","י.ס פירות וירקות",35,0,0,,לא,שקיל,,
גזר,44949,1,קרטון,לא,,,1,"ירקות פירות ועשבי תיבול","י.ס פירות וירקות",3.5,0,0,,לא,שקיל,,
חצילים,6789,1,"ק""ג",לא,,,1,"ירקות פירות ועשבי תיבול","י.ס פירות וירקות",6,0,0,,לא,שקיל,,
נענע,67890,1,שקית,לא,,,1,"ירקות פירות ועשבי תיבול","י.ס פירות וירקות",45,0,0,,לא,ללא,,
צנונית,6783,1,"ק""ג",לא,,,1,"ירקות פירות ועשבי תיבול","י.ס פירות וירקות",5,-10,0,,לא,ללא,,
קיסר,866877,1,יחידות,לא,,,1,"ירקות פירות ועשבי תיבול","י.ס פירות וירקות",10,9.86,0,0,לא,ללא,,
לאליק,2348484,1,יחידות,לא,,,1,"ירקות פירות ועשבי תיבול","י.ס פירות וירקות",11,0,0,,לא,ללא,,
"כרוב אדום",49494,1,"ק""ג",לא,,,1,"ירקות פירות ועשבי תיבול","י.ס פירות וירקות",5,-100,0,,לא,ללא,,
"בצל סגול",766,1,"ק""ג",לא,,,1,"ירקות פירות ועשבי תיבול","י.ס פירות וירקות",6.5,-15.38,0,,לא,ללא,,
רביולי,787787,1,יחידות,לא,,,1,"ירקות פירות ועשבי תיבול","י.ס פירות וירקות",27.9,14.53,0,,כן,ללא,,
"פלפל ירוק",47473,1,"ק""ג",לא,,,1,"ירקות פירות ועשבי תיבול","י.ס פירות וירקות",11,0,0,,לא,ללא,,
חריף,58583,1,"ק""ג",לא,,,1,"ירקות פירות ועשבי תיבול","י.ס פירות וירקות",6.5,0,0,0,לא,ללא,,
סלק,56765,1,"ק""ג",לא,,,1,"ירקות פירות ועשבי תיבול","י.ס פירות וירקות",10,0,0,,לא,ללא,,
צלפים,776,150,גרם,לא,,,1,"ירקות פירות ועשבי תיבול","י.ס פירות וירקות",12.9,0,0,,כן,ללא,,
"עגבניות שרי",5858,1,"ק""ג",לא,,,1,"ירקות פירות ועשבי תיבול","י.ס פירות וירקות",22,18.18,0,,לא,ללא,,
שמיר,6787657,1,יחידות,לא,,,1,"ירקות פירות ועשבי תיבול","י.ס פירות וירקות",28,0,0,,לא,ללא,,
"לימון סחוט גלון",504,1,יחידות,לא,,,1,קפואים,"תפוז טרי",75,0,0,,כן,מוצר,,
"סודה לבישול",60051,1,"ק""ג",לא,,,,"יבשים וקונדיטוריה","שופרסל אמיגה",6,0,0,,כן,מוצר,,
"רומו פסטה ברונזה פנה",8008343240666,3,"ק""ג",לא,,,,"יבשים וקונדיטוריה","שופרסל אמיגה",38.89,0,0,,כן,ללא,,
"שמן סויה",52512,5,"ק""ג",לא,,,,"יבשים וקונדיטוריה","שופרסל אמיגה",38.5,0,0,,כן,ללא,,
"ויטו  טסטר TPM",3500088,1,יחידות,לא,,,1,"יבשים וקונדיטוריה",פאנדאנגו,2415.14,0,0,0,כן,מוצר,,
"צהובה מלקוויטה 400 גר",84483,1,יחידות,לא,,,1,"מוצרי חלב וגבינות","מיגם יבוא בעמ",15,0,0,0,כן,שקיל,,
"שמנת 33% להקצפה ובישול 5 ליטר",7757,1,יחידות,לא,,,1,"מוצרי חלב וגבינות","מנטור פוד בעמ",102,0,0,,כן,מוצר,,
"עגבניות  שרי אדום",40089,1,"ק""ג",לא,,,1,"ירקות פירות ועשבי תיבול","עונות ישראל",8,0,0,,לא,מוצר,,
פטרוזיליה,71,1,יחידות,לא,,,1,"ירקות פירות ועשבי תיבול","י.ס פירות וירקות",45,0,0,,לא,מוצר,,
"שמן שומשום טהור 2 ליטר",50221,2,ליטר,לא,,,1,"חומרי גלם לבישול","בני מאלק סוידאן בעמ",74,0,0,,כן,מוצר,,
"אורגאנו 1 ק""ג",317111,1,"ק""ג",לא,,,1,"יבשים וקונדיטוריה","בני מאלק סוידאן בעמ",26,0,0,,כן,מוצר,,
"כוס במבוק שתייה חמה 9oz, א- 1000 יח׳",198701,1,יחידות,לא,,,1,"חד פעמי ואריזות",סילקו,97.1746,0,0,,כן,מוצר,,
"מכסה פ.פ למיכל מלבני 0.75-2 ליטר 405 יח",7533,1,יחידות,לא,,,1,"חד פעמי ואריזות",סילקו,160.1,0,0,,כן,מוצר,,
"שקית פוליאתילן 20/30 1 ק""ג LD",7295,1,יחידות,לא,,,1,"חד פעמי ואריזות",סילקו,12,0,0,,כן,מוצר,,
"שניצל עוף פרוס 100-120",10008,1,"ק""ג",לא,,,1,בשר,"אק.סי.לנס מייט בע״מ",36,0,0,,כן,מוצר,,
"חזה עוף חצוי בלי פילה טרי",10004,1,"ק""ג",לא,,,1,בשר,"אק.סי.לנס מייט בע״מ",33,0,0,,כן,מוצר,,
"פילה עגלה בלק אנגוס",20018,1,"ק""ג",לא,,,1,בשר,"אק.סי.לנס מייט בע״מ",170,0,0,,כן,מוצר,,
"עצם מוח סירות קפוא",30027,1,"ק""ג",לא,,,1,בשר,"אק.סי.לנס מייט בע״מ",22,0,0,,כן,מוצר,,
"החלפת מיכל גז 48 ק""ג",48,1,יחידות,לא,,,1,"ציוד ואחזקה","און גז",311.97,0,0,0,כן,מוצר,,
"דמי מנוי חודשיים לגלישה אלחוטית",1,1,יחידות,לא,,,1,"שירותי מחשב ותוכנה","B ZONE",320,0,0,0,כן,מוצר,,
"מנוי חודשי",217974762,1,יחידות,לא,,,1,"שירותי מחשב ותוכנה",בזק,85.12,0,0,0,כן,מוצר,,
"עמלה האאט",07,1,יחידות,לא,,,1,"שירותי מחשב ותוכנה","האאט דילברי בע""מ",16779.4,0,0,0,כן,מוצר,,
"מכשיר האאט",09,1,יחידות,לא,,,1,"שירותי מחשב ותוכנה","האאט דילברי בע""מ",98,-2.04,0,0,כן,מוצר,,
"שעות ייעוץ",ייעוץ,1,יחידות,לא,,,1,"הוצאות רוח והנהח","טל קורב",180,0,0,0,כן,מוצר,,
"חולצה טריקו 170 ג""ר +לוגו קריספי ציבעוני",146,1,יחידות,לא,,,1,ביגוד,"טופ וורקס בע""מ",22,0,0,0,כן,מוצר,,
"טריקו 170 גר 100% כותנה +לוגו קריספי",353,1,יחידות,לא,,,1,ביגוד,"טופ וורקס בע""מ",27,0,0,0,כן,מוצר,,
"סינר שלם +אבזם+לוגו קריספי",169,1,יחידות,לא,,,1,ביגוד,"טופ וורקס בע""מ",24,0,0,0,כן,מוצר,,
"כובע 5 פנל מגורד",365,1,יחידות,לא,,,1,ביגוד,"טופ וורקס בע""מ",13.5,0,0,0,כן,מוצר,,
משלוח,משלוח,1,יחידות,לא,,,1,ביגוד,"טופ וורקס בע""מ",35,0,0,0,כן,מוצר,,
שמן,שמן,1,יחידות,לא,,,1,"יבשים וקונדיטוריה","כבהא סעיד",138,0,0,0,כן,מוצר,,
"חסה אייסברג שטופה",40004,1,"ק""ג",לא,,,1,"ירקות פירות ועשבי תיבול","עונות ישראל",11,0,0,0,כן,מוצר,,
"מנוי חודשי",11,1,יחידות,לא,,,1,"שירותי מחשב ותוכנה","טאביט טכנולוגיה",4607.69,0,0,0,כן,מוצר,,
"מארז ציפס",729000866884,1,יחידות,לא,,,1,"חד פעמי ואריזות","קי.אי.אם שירותי סחר בע״מ",0.59,-3.39,0,,כן,מוצר,,
"מארז משפחתי",000720035364,1,יחידות,לא,,,1,"חד פעמי ואריזות","קי.אי.אם שירותי סחר בע״מ",4.64,0,0,,כן,מוצר,,
"רדיד אלמניום",70175,1,יחידות,לא,,,1,"יבשים וקונדיטוריה","סיוון חומרי ניקיון",23,0,0,,כן,מוצר,,
"חלונית חומר להברקה חלונות",30178,1,יחידות,לא,,,1,"חומרי ניקוי","סיוון חומרי ניקיון",4.9,0,0,,כן,מוצר,,
רימון,29,1,יחידות,לא,,,1,"ירקות פירות ועשבי תיבול","י.ס פירות וירקות",12,0,0,,לא,מוצר,,
נבטים,999999,1,יחידות,לא,,,1,"ירקות פירות ועשבי תיבול","י.ס פירות וירקות",6.5,0,0,,לא,מוצר,,
שמן,99,1,יחידות,לא,,,1,"יבשים וקונדיטוריה","מטבח מהנא",1367.52,0,0,0,כן,מוצר,,
"נקיון ארובות",999,1,יחידות,לא,,,1,"ניקוי מנדפים וארובות",ארובות,3000,0,0,,כן,מוצר,,
"רוטב סויה יאמאסה פרימיום",67746,1,יחידות,לא,,,1,רטבים,"בני מאלק סוידאן בעמ",35,0,0,,כן,מוצר,,
"ארגזים כפפות שחורות נטריל ללא אבקה",10,1,יחידות,לא,,,1,"חד פעמי ואריזות","ג. עטאללה למסחר",121,0.83,0,0,כן,מוצר,,
"פריגת ענבים 330 מ""ל",10046,330,"מ""ל",כן,ארגז,בקבוקים,24,"משקאות קלים","החברה המרכזית למשקאות בעמ",81.62,-28.21,0,,כן,"מארז + יחידת מידה במארז",7290001594278,
"פריגת תפוזים  שרינק",31869,500,"מ""ל",כן,ארגז,בקבוקים,24,"משקאות קלים","החברה המרכזית למשקאות בעמ",39.14,0,0,,כן,"מארז + יחידת מידה במארז",7290001594377,
"מיונז לחיץ 395 מ""ל היינץ",2750,10,יחידות,לא,,,1,רטבים,"יהודה אלקנה",65,-1.45,0,,כן,מוצר,,
"פיצפוצי אורז",5700,1,יחידות,לא,,,1,"חומרי גלם לבישול","יהודה אלקנה",162.5,0,0,0,כן,מוצר,,
"שירות ציוד מטבחים",999,1,יחידות,לא,,,1,"ציוד ואחזקה","מור ליין שיווק ושיורת ציוד מטבח",800,50,0,0,כן,מוצר,,
"שטיח פנים דוחה לכלוך",1,1,יחידות,לא,,,1,"אביזרים וכלים למסעדה","ישראל קארפט לוגו בע""מ",880,0,0,0,כן,מוצר,,
משלוח,2,1,יחידות,לא,,,1,"אביזרים וכלים למסעדה","ישראל קארפט לוגו בע""מ",35,0,0,0,כן,מוצר,,
"מגבון אישי מודפס קריספי","CRICPY 14",1,יחידות,לא,,,1,"חד פעמי ואריזות","מרכז החד פעמי",85,0,0,0,כן,מוצר,,
"מנקה חלונות סיליקון 1 ליטר 12 יח",600803,1,ליטר,כן,מארז,יחידות,12,"חומרי ניקוי",סילקו,64.99,0,0,,כן,מארז,,
"דלי מטליות לחות לניקויכללי",7489,1,יחידות,לא,,,1,"חומרי ניקוי",סילקו,16.49,0,0,,כן,מוצר,,
"קיסם שיניים עטוף נייר עבה שחור 500 יח",785306,1,יחידות,לא,,,1,"חד פעמי ואריזות",סילקו,24,0,0,,כן,מוצר,,
"סינר ניילון 100 יח",7456,1,יחידות,לא,,,1,"חומרי ניקוי",סילקו,16.49,0,0,,כן,מוצר,,
"PROCURMENT 400",400,1,יחידות,לא,,,1,"שירותי מחשב ותוכנה",רסטיגו,400,0,0,0,כן,מוצר,,
"מיונז היינץ חד מנתי 8 גר",608875001070,1,יחידות,לא,,,1,רטבים,"שופרסל אמיגה",154.99,0,0,,כן,מוצר,,
"פרוסות אננס בסירופ 850 קל",7296073241324,1,יחידות,לא,,,1,תוספות,"שופרסל אמיגה",6.84,0,0,,כן,מוצר,,
"קטשופ היינץ 700 גרם",4630,30,יחידות,כן,מארז,יחידות,10,רטבים,"יהודה אלקנה",117,0,0,,כן,מארז,,
"קמח תפ""א 500 גרם",2760,500,גרם,כן,מארז,יחידות,20,"חומרי גלם לבישול","יהודה אלקנה",77,0,0,0,כן,מארז,,
"מוניז היינץ לחיץ",3810,1,יחידות,כן,מארז,יחידות,10,רטבים,"יהודה אלקנה",148.5,0,0,0,כן,מארז,,
"עד 1000 מגה +FIBER TV","1000 מגה",1,יחידות,לא,,,1,"שירותי מחשב ותוכנה","פייברהום טכנלוגיה בע""מ",149,0,0,0,כן,מוצר,,
"מארז בורגר 270*2",72900866899,1,יחידות,לא,,,1,"חד פעמי ואריזות","קי.אי.אם שירותי סחר בע״מ",0.8,0,0,,כן,מוצר,,
"קופסת TAKEAWAY קראפט חום",973,1,יחידות,כן,מארז,יחידות,200,"חד פעמי ואריזות",סילקו,164.91,0,0,,כן,מארז,,
"קופסא קראפט 11/9/6",1504,1,יחידות,כן,מארז,יחידות,450,"חד פעמי ואריזות",סילקו,158.12,0,0,,כן,מארז,,
"שעועית ירוקה שלמה עדינה 2.5/4",19308270,1,יחידות,כן,מארז,יחידות,10,קפואים,"קפוא זן",9.8,-11.22,0,,כן,מארז,,
"פלפל חריף ביבי",5018,1,יחידות,לא,,,1,"ירקות פירות ועשבי תיבול","י.ס פירות וירקות",10,0,0,,לא,מוצר,,
"ממטרה קומפלט",999,1,יחידות,לא,,,1,"שכירות מדיח","פולד מדיחים בע""מ",1240,0,0,,כן,מוצר,,
"תיקון מערכות קירור ומיזוג",999,1,יחידות,לא,,,1,"ציוד ואחזקה","אבו כלף מערכות קירור ומיזוג",4200,0,0,0,כן,מוצר,,
"תיקון אייפד/אייפון",999,1,יחידות,לא,,,1,"שירותי מחשב ותוכנה","זן פון",1538.46,0,0,0,כן,מוצר,,
"עגבניות שרי מנמר",40283,1,"ק""ג",לא,,,1,"ירקות פירות ועשבי תיבול","עונות ישראל",17.9,0,0,0,לא,מוצר,,
"רוטב ברביקיו 5.7 ק""ג",10393,5.7,"ק""ג",כן,מארז,יחידות,1,רטבים,"מנטור פוד בעמ",70,0,0,,כן,מארז,,
"מרסק ירק 37 נרו",1450370,1,יחידות,לא,,,1,"אביזרים וכלים למסעדה","שרותי ארגל",1641.55,0,0,0,כן,מוצר,,
"תבנית פוליפרופילן",1182552,1,יחידות,לא,,,1,"אביזרים וכלים למסעדה","שרותי ארגל",41.9,0,0,0,כן,מוצר,,
"מטחנת מלח פלפל 50 ס""מ",2521165,1,יחידות,לא,,,1,"אביזרים וכלים למסעדה","שרותי ארגל",330.86,0,0,0,כן,מוצר,,
חרקן,999,1,יחידות,לא,,,1,כללי,"בקרה והדברת מזיקים",650,0,0,0,כן,מוצר,,
"סודה ביטר למון  בקבוק",3005028,275,"מ""ל",כן,קרטון,בקבוקים,24,"משקאות קלים",טמפו,94.43,17,6.15,,כן,"מארז + יחידת מידה במארז",7290008464628,
"משטח טמפו חדש",1006034,1,יחידות,כן,מארז,יחידות,1,"משקאות קלים",טמפו,33.5,0,0,,כן,"מארז + יחידת מידה במארז",7290011133900,
"אחסון אתרים קריספי",99,1,יחידות,לא,,,1,"שירותי מחשב ותוכנה","דוד חליבה  תקשורת חזותית בע""מ",239.316,0,0,0,כן,מוצר,,
"שכירות מכשיר בישום",999,1,יחידות,לא,,,1,"אביזרים וכלים למסעדה","ויב בשמים",1100,0,0,0,כן,מוצר,,
"תפריט וכללי",999,1,יחידות,לא,,,1,תפריטים,"דפוס השלום",1348.72,0,0,0,כן,מוצר,,
"חומץ תפוחי עץ 750 מ""ל",9008700226950,1,יחידות,כן,מארז,יחידות,6,"חומרי גלם לבישול","שופרסל אמיגה",59.34,0,0,,כן,מארז,,
"סלט שום כתוש 3 ק""ג",2125060,1,"ק""ג",לא,,,1,"חומרי גלם לבישול","מנטור פוד בעמ",28.5,-46.95,0,,כן,מוצר,,
"נביעות  פ.שטוח - 0.5 ליטר",10600,500,"מ""ל",כן,קרטון,בקבוקים,24,"משקאות קלים","החברה המרכזית למשקאות בעמ",59.99,0,6.1,,כן,"מארז + יחידת מידה במארז",7290002331018,
"קוקה קולה - 0.5 ליטר",10021,500,"מ""ל",כן,ארגז,בקבוקים,24,"משקאות קלים","החברה המרכזית למשקאות בעמ",93.99,0,0,,כן,"מארז + יחידת מידה במארז",7290001594155,
"מברשת פלדה דו צדדית",0625,1,יחידות,לא,,,1,"אביזרים וכלים למסעדה","שרותי ארגל",335.043,0,0,0,כן,מוצר,,
"הנהלת חשבונות",999,1,יחידות,לא,,,1,"הוצאות רוח והנהח","מוחמד מדלג",80,0,0,0,כן,מוצר,,
דלק,999,1,יחידות,לא,,,1,כללי,"דלק ישראל",8494.72,0,0,0,כן,מוצר,,
עיצובים,99,1,יחידות,לא,,,1,כללי,"גאד עסקים בע""מ",4500,0,0,0,כן,מוצר,,
"מגבת סלים רול 110 מטר בגליל",802300,1,יחידות,לא,,,1,"חומרי ניקוי",סילקו,98,0,0,,כן,מוצר,,
803601,"נייר תעשייתי דו שכבתי 5 ק""ג",5,"ק""ג",לא,,,1,"חומרי ניקוי",סילקו,69.84,0,0,,כן,מוצר,,
"מפיות נייר 3*2400",000722221111,48,יחידות,לא,,,1,"חד פעמי ואריזות","קי.אי.אם שירותי סחר בע״מ",170,0,0,,כן,שקיל,,
"מארז תוספות 240*2",720035366,1,יחידות,לא,,,1,"חד פעמי ואריזות","קי.אי.אם שירותי סחר בע״מ",0.61,0,0,,כן,מוצר,,
טימין,1111,1,יחידות,לא,,,1,"ירקות פירות ועשבי תיבול","י.ס פירות וירקות",5,0,0,,לא,מוצר,,
קניות,999,1,יחידות,לא,,,1,"יבשים וקונדיטוריה","כבהא סעיד",569,0,0,,כן,מוצר,,
"שקיות נייר 250*3 take away",720035336,1,יחידות,לא,,,,"חד פעמי ואריזות","קי.אי.אם שירותי סחר בע״מ",0.8,0,0,,כן,מוצר,,
"שוקולד חלב 92%מוצקים 5 ק",3809172,5,"ק""ג",לא,,,1,"יבשים וקונדיטוריה","שופרסל אמיגה",319.99,0,0,,כן,מוצר,,
"שוקולד לבן קליבו 10 ק״ג",5410522230925,10,"ק""ג",לא,,,1,"יבשים וקונדיטוריה","שופרסל אמיגה",629,0,0,,כן,מוצר,,
"נייר תעשייתי",,1,יחידות,לא,,,,"חד פעמי ואריזות","מפעל המרכז",40.68,0,0,,כן,מוצר,,
כפפות,,1,יחידות,לא,,,,"חד פעמי ואריזות","מפעל המרכז",88.9,0,0,,כן,מוצר,,
"עוגה בסקית",,1,יחידות,כן,מארז,יחידות,1,"יבשים וקונדיטוריה","אני אפיתי",160,0,0,,כן,מוצר,,
כללי,99,1,יחידות,לא,,,1,כללי,"און גז",384.615,0,0,0,כן,מוצר,,
"ספרייט ZERO 6 פח FRIDGE-PACK מבצע",30234,330,"מ""ל",כן,ארגז,פחיות,6,"משקאות קלים","החברה המרכזית למשקאות בעמ",56.87,4.11,0,,כן,"מארז + יחידת מידה במארז",7290013585967,
"מי טוניק  בקבוק",3005029,275,"מ""ל",כן,קרטון,בקבוקים,24,"משקאות קלים",טמפו,78.3769,0,6.15,,כן,"מארז + יחידת מידה במארז",7290008464635,
"פפריקה מעושנת 1 ק""ג",261192,1,"ק""ג",לא,,,1,"יבשים וקונדיטוריה","מנטור פוד בעמ",20.34,0,0,,כן,מוצר,,
מרקטמן,999,1,יחידות,לא,,,1,"שירותי מחשב ותוכנה",מרקטמן,550,0,0,0,כן,מוצר,,
"חומץ חום 5% 4 ליטר",1050101,1,ליטר,כן,מארז,יחידות,4,"יבשים וקונדיטוריה","שופרסל אמיגה",6.44,0,0,,כן,מארז,,
כללי,,1,יחידות,כן,מארז,יחידות,1,כללי,"מפעל המרכז",10,0,0,,כן,מארז,,
ברוקולי,99999,1,"ק""ג",לא,,,1,"ירקות פירות ועשבי תיבול","י.ס פירות וירקות",10,0,0,,לא,שקיל,,
"תפוח אדמה לבן",3,1,קרטון,לא,,,1,"ירקות פירות ועשבי תיבול","י.ס פירות וירקות",30,0,0,,לא,שקיל,,
"סירופ מייפל 600 גרם מיטב",10244,600,"מ""ל",לא,,,1,"יבשים וקונדיטוריה","מנטור פוד בעמ",9.4,0,0,,כן,מוצר,,
"אבקת סוכר 1 קילו",150064,1,"ק""ג",לא,,,1,"יבשים וקונדיטוריה","שופרסל אמיגה",5.1,0,0,,כן,שקיל,,
"פירה קנור 750 גרם",169682,750,גרם,לא,,,1,"יבשים וקונדיטוריה","שופרסל אמיגה",24.89,0,0,,כן,שקיל,,
"טמפורה 1 ק״ג (גואנגדונג)",17214,1,"ק""ג",לא,,,1,"יבשים וקונדיטוריה","מנטור פוד בעמ",11.41,0,0,,כן,מוצר,,
"ארטישוק איטלקי שלם בשמן 2.45 קילו",7290003025404,2.45,"ק""ג",לא,,,1,"יבשים וקונדיטוריה","מיגם יבוא בעמ",65,0,0,,כן,מוצר,,
"חמוציות חתוך שקיל 1",7290117321621,1,"ק""ג",לא,,,1,"יבשים וקונדיטוריה","מנטור פוד בעמ",22,0,0,,כן,מוצר,,
"נייר אלומניום 4550 מטר 18 מיקרון יחידה",715602,1,יחידות,לא,,,1,"חד פעמי ואריזות",סילקו,32.88,0,0,,כן,מוצר,,
"טבסקו סריארצה 566 גר",10315566,1,יחידות,לא,,,1,"יבשים וקונדיטוריה","מנטור פוד בעמ",20.51,0,0,,כן,מוצר,,
"משחת כלים ירוק 18 קילו",909090,18,"ק""ג",לא,,,1,"חומרי ניקוי","מפעל המרכז",60,14.53,0,,כן,מוצר,,
"כלור בטעם לימון",909091,1,יחידות,לא,,,1,"חומרי ניקוי","מפעל המרכז",5,14.53,0,,כן,מוצר,,
"כוס קר",909095,1,יחידות,לא,,,1,"חומרי ניקוי","מפעל המרכז",1.667,14.53,0,,כן,מוצר,,
"שקיות אשפה 75/90 (2קילו)100 שקיות",909096,1,יחידות,לא,,,1,"חומרי ניקוי","מפעל המרכז",12.5,14.53,0,,כן,מוצר,,
"שקיות אשפה 75/90 (800גרם)",909097,1,יחידות,לא,,,1,"חומרי ניקוי","מפעל המרכז",5.5,14.53,0,,כן,מוצר,,
"מסיר שומן מתז נוזלי",909098,1,יחידות,לא,,,1,"חומרי ניקוי","מפעל המרכז",6.5,14.54,0,,כן,מוצר,,
"מגב 40 ס״מ",909099,1,יחידות,לא,,,1,"חומרי ניקוי","מפעל המרכז",5,14.54,0,,כן,מוצר,,
מטאתה,909010,1,יחידות,לא,,,1,"חומרי ניקוי","מפעל המרכז",5,14.54,0,,כן,מוצר,,
"נילון נצמד 300 מטר",909011,1,יחידות,לא,,,1,"חומרי ניקוי","מפעל המרכז",24,14.53,0,,כן,מוצר,,
"נייר כסף 50 מטר 18 מיקרון",909012,1,יחידות,לא,,,1,"חומרי ניקוי","מפעל המרכז",23,14.53,0,,כן,מוצר,,
"מנקה חלונות",909013,1,יחידות,לא,,,1,"חומרי ניקוי","מפעל המרכז",6.5,14.54,0,,כן,מוצר,,
"חמאה 200 גרם תנובה",43111,0.2,"ק""ג",לא,,,1,"יבשים וקונדיטוריה","מנטור פוד בעמ",8.55,0,0,,כן,מוצר,,
"מלח מטבח גס לבישול 1 ק״ג",4063115,1,"ק""ג",לא,,,1,"יבשים וקונדיטוריה","שופרסל אמיגה",1.29,0,0,,כן,מוצר,,
"אסאדו עגל",1042,1,"ק""ג",לא,,,1,בשר,"ביאצה מפעל למעדני בשר בעמ",47,0,0,,כן,מוצר,,
"מיונז כחול 5 ק״ג",101010,5,"ק""ג",לא,,,1,"יבשים וקונדיטוריה","יהודה אלקנה",49,0,0,0,כן,מוצר,,
"רוטב סריראצה 481 ג",3185,12,יחידות,לא,,,1,"יבשים וקונדיטוריה","יהודה אלקנה",24.99,0,0,0,כן,מוצר,,
"שוקולד חלב 5 ק״ג",1010101,5,"ק""ג",לא,,,1,"יבשים וקונדיטוריה","יהודה אלקנה",225,0,0,0,כן,מוצר,,
"שקד פרוס 1 ק״ג",3570,1,"ק""ג",לא,,,1,"יבשים וקונדיטוריה","יהודה אלקנה",46,0,0,0,כן,מוצר,,
"שמנת להקצפה",120102,1,יחידות,לא,,,1,"ירקות פירות ועשבי תיבול","י.ס פירות וירקות",7,14.53,0,,לא,מוצר,,
קולאז,0100,5,"ק""ג",לא,,,,בצקים,"קולאז קנאפה",100,0,0,,כן,מוצר,,
קדאיף,01001,5,"ק""ג",לא,,,,בצקים,"קולאז קנאפה",100,0,0,,כן,מוצר,,
"פריגת תפוזים 330 מ""ל",10044,330,"מ""ל",כן,ארגז,בקבוקים,24,"משקאות קלים","החברה המרכזית למשקאות בעמ",83.49,0,6.103,,כן,"מארז + יחידת מידה במארז",7290001594988,
"פריגת תות בננה 330 מ""ל",32516,330,"מ""ל",כן,ארגז,בקבוקים,24,"משקאות קלים","החברה המרכזית למשקאות בעמ",81.62,0,6.103,,כן,"מארז + יחידת מידה במארז",7290013585639,
"קוקה קולה ZERO  תריסר - 1 ליטר  (חדש)",31303,1,ליטר,כן,ארגז,בקבוקים,12,"משקאות קלים","החברה המרכזית למשקאות בעמ",38.26,0,3.05,,כן,"מארז + יחידת מידה במארז",7290013585387,
"דגל crispy and the x",35416,1,יחידות,לא,,,1,"חד פעמי ואריזות","קי.אי.אם שירותי סחר בע״מ",0.102,0,0,,כן,מוצר,,
"נייר עטיפה 40 ג״ר 4*40 the x 40*30",729000866894,1,יחידות,לא,,,1,"חד פעמי ואריזות","קי.אי.אם שירותי סחר בע״מ",28,0,0,,כן,מוצר,,
"שקית נייר 1*250 take away cut handle",35414,1,יחידות,לא,,,1,"חד פעמי ואריזות","קי.אי.אם שירותי סחר בע״מ",1.1,0,0,,כן,מוצר,,
"שקית נייר 1*250 take away stiker",35415,1,יחידות,לא,,,1,"חד פעמי ואריזות","קי.אי.אם שירותי סחר בע״מ",1.2,0,0,,כן,מוצר,,
"גבינת חלומי ישראלית (שקיל)",7290015278379,1,"ק""ג",לא,,,1,"מוצרי חלב וגבינות","מנטור פוד בעמ",53,0,0,,כן,מוצר,,
"כוס פלסטיק שקופה טוליפ 250 סמ״ק",2774,1250,יחידות,לא,,,1,"חד פעמי ואריזות",סילקו,160.01,0,0,,כן,מוצר,,
"מגב פלסטיק 40 ס״מ 1 יח",7467,1,יחידות,לא,,,1,"חד פעמי ואריזות",סילקו,4,0,0,,כן,מוצר,,
"תבנית אלומניום 324/262/55 400 יח",736702,400,יחידות,לא,,,1,"חד פעמי ואריזות",סילקו,318.52,0,0,,כן,מוצר,,
"טבעות בצל 2 ק״ג- תפוגן",32693621,2,"ק""ג",לא,,,1,"יבשים וקונדיטוריה","מנטור פוד בעמ",46,0,0,,כן,מוצר,,
"ניילון נצמד 45/600 חוץ , 1 יח",2561,1,יחידות,לא,,,1,"חד פעמי ואריזות",סילקו,90,0,0,,כן,מוצר,,
"ממרח מיונז גאיה 5l",102938,5,ליטר,לא,,,,"יבשים וקונדיטוריה","יהודה אלקנה",53,0,0,,כן,מוצר,,
"איירן 300 מ״ל",7290002408468,1,יחידות,לא,,,1,"מוצרי חלב וגבינות","מנטור פוד בעמ",4.7,0,0,,כן,מוצר,,
"לוטוס- מגבת תעשייתית נייר דו שכבתי מודבק טבעי",36524,1,יחידות,לא,,,,"חד פעמי ואריזות","סיוון חומרי ניקיון",56,0,0,,כן,מוצר,,
"חסה קיסר  מהדרין (היתר מכירה)",47027,1,יחידות,לא,,,1,"ירקות פירות ועשבי תיבול","עונות ישראל",7,0,0,0,לא,מוצר,,
"פרמזן איטלקי 1/8 גלגל",2528691,1,"ק""ג",לא,,,1,"יבשים וקונדיטוריה","מנטור פוד בעמ",68,0,0,,כן,מוצר,,
"חומוס שלם",514406,0.56,"ק""ג",לא,,,1,"יבשים וקונדיטוריה","שופרסל אמיגה",3.44,0,0,,כן,מוצר,,
"צנובר 1 ק״ג",7290019847014,1,"ק""ג",לא,,,1,"יבשים וקונדיטוריה","שופרסל אמיגה",90,0,0,,כן,מוצר,,
"ממרח מיונז 5 ליטר- גאיה",1006,5,"ק""ג",לא,,,1,"יבשים וקונדיטוריה","מנטור פוד בעמ",53,0,0,0,כן,מוצר,,
"מלפפון חממה ק""ג",45010,1,"ק""ג",לא,,,,"ירקות פירות ועשבי תיבול","עונות ישראל",5.5,0,0,,לא,מוצר,,
"עגבניה באשכולות ק""ג (פרימיום)",45049,1,"ק""ג",לא,,,,"ירקות פירות ועשבי תיבול","עונות ישראל",5,0,0,,לא,מוצר,,
"מיונז גאיה 5 קילו",1006,5,"ק""ג",כן,מארז,יחידות,1,רטבים,"מנטור פוד בעמ",32,0,0,,כן,מארז,,
"כרובית ק""ג",45016,1,"ק""ג",לא,,,,"ירקות פירות ועשבי תיבול","עונות ישראל",5.5,0,0,,לא,מוצר,,
"גמבה אדום ק""ג",45007,1,"ק""ג",לא,,,,"ירקות פירות ועשבי תיבול","עונות ישראל",7.5,0,0,,לא,מוצר,,
"גמבה צהוב ק""ג",45006,1,"ק""ג",לא,,,,"ירקות פירות ועשבי תיבול","עונות ישראל",7.5,0,0,,לא,מוצר,,
"רוקט ערבי נספאק מהדרין",41036,1,יחידות,לא,,,,"ירקות פירות ועשבי תיבול","עונות ישראל",8,0,0,,לא,מוצר,,
"ריחן פרסי",40172,1,"ק""ג",לא,,,,"ירקות פירות ועשבי תיבול","עונות ישראל",25,0,0,,לא,מוצר,,
"נבטים סיניים",40085,1,יחידות,לא,,,,"ירקות פירות ועשבי תיבול","עונות ישראל",4.7,0,0,,לא,מוצר,,
"לימון ק""ג",45011,1,"ק""ג",לא,,,,"ירקות פירות ועשבי תיבול","עונות ישראל",6.5,0,0,,לא,מוצר,,
"פלפל חריף אדום ק""ג",45024,1,"ק""ג",לא,,,,"ירקות פירות ועשבי תיבול","עונות ישראל",5.5,0,0,,לא,מוצר,,
"פלפל חריף ירוק ק""ג",45023,1,"ק""ג",לא,,,,"ירקות פירות ועשבי תיבול","עונות ישראל",5.5,0,0,,לא,מוצר,,
"בטטה אצבע ק""ג",42103,1,"ק""ג",לא,,,,"ירקות פירות ועשבי תיבול","עונות ישראל",9,0,0,,לא,מוצר,,
"רימון ק""ג",45108,1,"ק""ג",לא,,,,"ירקות פירות ועשבי תיבול","עונות ישראל",11.9,0,0,,לא,מוצר,,
"נענע  מהדרין (היתר מכירה)",47053,1,"ק""ג",לא,,,,"ירקות פירות ועשבי תיבול","עונות ישראל",21,0,0,,לא,מוצר,,
כוסברה,40021,0.5,"ק""ג",לא,,,,"ירקות פירות ועשבי תיבול","עונות ישראל",9,0,0,,לא,מוצר,,
"נבטי אפונה יח'",40302,1,יחידות,לא,,,,"ירקות פירות ועשבי תיבול","עונות ישראל",9.8,0,0,,לא,מוצר,,
"ערכת עגלה בלק אנגוס קריספי  טרי",20070,1,"ק""ג",לא,מארז,יחידות,1,בשר,"אק.סי.לנס מייט בע״מ",42,0,0,,כן,מוצר,,
"בלון פסטל ""12 צבעוני (ללא כתום) מודפס ב-2 צבעים: כתום ושחור",,1,יחידות,לא,,,,"חד פעמי ואריזות","בולי בלון",1.78,0,0,,כן,מוצר,,
"גלופה 1 - X(מודפס כתום14 כהה)",,1,יחידות,לא,,,,"חד פעמי ואריזות","בולי בלון",0,0,0,,כן,מוצר,,
"(The + By Crispy - 2 גלופה (מודפס שחור",,1,יחידות,לא,,,,"חד פעמי ואריזות","בולי בלון",0,0,0,,כן,מוצר,,
"תוספת הדפסה 2 צבעים",,1,יחידות,לא,,,,"חד פעמי ואריזות","בולי בלון",203.39,0,0,,כן,מוצר,,
מקלות+רוזטות,,1,יחידות,לא,,,,"חד פעמי ואריזות","בולי בלון",33.85,0,0,,כן,מוצר,,
משלוח,,1,יחידות,לא,,,,"חד פעמי ואריזות","בולי בלון",38.14,0,0,,כן,מוצר,,
"צהובה מלקוויטה 400 גר",5900512984483,1,יחידות,לא,,,,"מוצרי חלב וגבינות","מיגם יבוא בעמ",13.6,0,0,,כן,מוצר,,
"חרדל אמיתי תלמה 5 ק״ג",50352,5,"ק""ג",לא,,,1,"יבשים וקונדיטוריה","בני מאלק סוידאן בעמ",76,0,0,,כן,מוצר,,
"צנובר 1 קילו",650,1,"ק""ג",לא,,,1,"יבשים וקונדיטוריה","יהודה אלקנה",114.99,0,0,0,כן,מוצר,,
"חומוס a2",100,1,יחידות,לא,,,1,"יבשים וקונדיטוריה","יהודה אלקנה",4.5,0,0,0,כן,מוצר,,
"פלפל שחור גרוס/טחון 1 קג",570,1,"ק""ג",לא,,,1,"יבשים וקונדיטוריה","יהודה אלקנה",64,0,0,0,כן,מוצר,,
"מייר עטיפה 67 גר משולב אלומניום",72900086695,1,יחידות,לא,,,1,"חד פעמי ואריזות","קי.אי.אם שירותי סחר בע״מ",0.36,0,0,,כן,מוצר,,
"חרדל אמריקאי אמיתי 3.79",65418,3.78,"ק""ג",לא,,,1,"יבשים וקונדיטוריה","בני מאלק סוידאן בעמ",57,0,0,,כן,מוצר,,
"סלרי עלים",75,1,יחידות,לא,,,1,"ירקות פירות ועשבי תיבול","י.ס פירות וירקות",20,0,0,,לא,מוצר,,
"שום מקולף",10192,1,"ק""ג",לא,,,1,"ירקות פירות ועשבי תיבול","י.ס פירות וירקות",30,0,0,,לא,מוצר,,
"שמן קנולה 5 ליטר אגרופרודקט",8901286,5,ליטר,לא,,,1,"יבשים וקונדיטוריה","מנטור פוד בעמ",35,0,0,,כן,מוצר,,
"זיתי קלמטה חצוי ק״ג פח אדו",2333,10,"ק""ג",לא,,,1,"יבשים וקונדיטוריה","מנטור פוד בעמ",256,0,0,,כן,מוצר,,
"גביע נייר קראפת 12oz קוטר 90 500 יח",965,500,יחידות,לא,,,1,"חד פעמי ואריזות",סילקו,145,0,0,,כן,מוצר,,
"מכסה pp לגביענייר קראפט 12/8 oz קוטר 90 500 יח",966,500,יחידות,לא,,,1,"חד פעמי ואריזות",סילקו,85,0,0,,כן,מוצר,,
"חיטוי פירות וירקות פרו מקס 5 סאסא 10 ק״ג",601403,10,ליטר,לא,,,1,"חד פעמי ואריזות",סילקו,78.8,0,0,,כן,מוצר,,
"דגש מרקי תיבול מרק בטעם עוף מופ",7290000116204,1,"ק""ג",לא,,,1,"יבשים וקונדיטוריה","מנטור פוד בעמ",18.65,0,0,,כן,מוצר,,
"שקית מנה בורגר 2*1000 the x & crispy",722235364,1,יחידות,לא,,,1,"חד פעמי ואריזות","קי.אי.אם שירותי סחר בע״מ",0.12,0,0,0,כן,מוצר,,
"קופסת סלט 20 אוז עגולה עם מכסה לחם 6*6",35411,300,יחידות,לא,,,1,"חד פעמי ואריזות","קי.אי.אם שירותי סחר בע״מ",0.7,0,0,0,כן,מוצר,,
"פלפל שחור טחון 1 ק״ג נפטון",s600,1,יחידות,לא,,,1,"יבשים וקונדיטוריה","יהודה אלקנה",57,0,0,0,כן,מוצר,,
"מיונז הלמנס לחיץ 323 גרם",7290116537405,1,יחידות,לא,,,1,"יבשים וקונדיטוריה","מנטור פוד בעמ",11,0,0,,כן,מוצר,,
"אורגנו 1 ק״ג",so45,1,"ק""ג",לא,,,1,"יבשים וקונדיטוריה","יהודה אלקנה",19.5,0,0,0,כן,מוצר,,
"מיונז היינץ לחיץ",d370,1,יחידות,לא,,,1,"יבשים וקונדיטוריה","יהודה אלקנה",13.99,0,0,0,כן,מוצר,,
"רוטב אלף האיים קנור",d685,6,"ק""ג",לא,,,1,"יבשים וקונדיטוריה","יהודה אלקנה",92,0,0,0,כן,מוצר,,
"אורגנו יבש 1 ק״ג - נווה",102100,1,"ק""ג",לא,,,1,"יבשים וקונדיטוריה","מנטור פוד בעמ",25.64,0,0,,כן,מוצר,,
"קטשופ היינץ 700 גרם",2566876,1,יחידות,לא,,,1,"יבשים וקונדיטוריה","מנטור פוד בעמ",11.76,0,0,,כן,מוצר,,
"שמן חמניות 5 ליטר שוקחה",1201104,5,ליטר,לא,,,1,"יבשים וקונדיטוריה","מנטור פוד בעמ",35,0,0,,כן,מוצר,,
"חסה אייסברג להמבורגר 1",41004,1,"ק""ג",לא,,,1,"ירקות פירות ועשבי תיבול","עונות ישראל",9.5,0,0,0,כן,מוצר,,
"פפריקה מתוקה מעושנת 1 ק",811250033270,1,"ק""ג",לא,,,1,"יבשים וקונדיטוריה","שופרסל אמיגה",24.99,0,0,,כן,מוצר,,
"רוטב צ׳ילי מתוק 5 ק״ג - מקסצ׳אפ",8858271008506,5,"ק""ג",לא,,,1,"יבשים וקונדיטוריה","מנטור פוד בעמ",62,0,0,,כן,מוצר,,
"קוביות פילה עוף 15-20 גרם טרי",10042,1,"ק""ג",לא,,,1,בשר,"אק.סי.לנס מייט בע״מ",33,0,0,,כן,מוצר,,
"אסאדו עגלה מפורק בלי עצם קפוא",30070,1,"ק""ג",לא,,,1,בשר,"אק.סי.לנס מייט בע״מ",45,0,0,,כן,מוצר,,
"כנף עוף חצוי טרי",10013,1,"ק""ג",לא,,,1,בשר,"אק.סי.לנס מייט בע״מ",14,0,0,,כן,מוצר,,
"פילה עוף טרי",1005,1,"ק""ג",לא,,,1,בשר,"אק.סי.לנס מייט בע״מ",33,0,0,,כן,מוצר,,
"דובדבני אמרנה בסירופ 1 ק״ג",1871,1,"ק""ג",לא,,,1,"יבשים וקונדיטוריה","מנטור פוד בעמ",39.32,0,0,,כן,מוצר,,
"חלב 3% תנובה - 1 ליטר",4131074,1,ליטר,לא,,,1,"מוצרי חלב וגבינות","מנטור פוד בעמ",6.36,0,0,,כן,מוצר,,
"יוגורט תנובה כד 1.5 ליטר 4%",7290000043944,1.5,ליטר,לא,,,1,"מוצרי חלב וגבינות","מנטור פוד בעמ",15,0,0,,כן,מוצר,,
"מדבקות טרמיות 46/75 לבנות (5*500) 2500 יח",677087,2500,יחידות,לא,,,1,"חד פעמי ואריזות",סילקו,78,0,0,,כן,מוצר,,
"מרק פטריות תלמה 1 ק״ג 1/9",50412,1,"ק""ג",לא,,,1,"יבשים וקונדיטוריה","בני מאלק סוידאן בעמ",37,0,0,,כן,מוצר,,
"קטשופ מנות אישיות 9*996",7290116530819,996,יחידות,לא,,,1,"יבשים וקונדיטוריה","שופרסל אמיגה",129.89,0,0,,כן,מוצר,,
"תרכיז לימונדה 2 ליטר - פריניב",10591,2,ליטר,לא,,,1,"יבשים וקונדיטוריה","מנטור פוד בעמ",25.4,0,0,0,כן,מוצר,,
"מיץ לימון 100% טבעי 2 ליטר פר",10592,2,ליטר,לא,,,1,"יבשים וקונדיטוריה","מנטור פוד בעמ",23.7,0,0,0,כן,מוצר,,
"חמוציות חתוך 2 ק״ג",14094,2,"ק""ג",לא,,,1,"יבשים וקונדיטוריה","מנטור פוד בעמ",55,0,0,,כן,מוצר,,
"חומץ סינטטי 4 ליטר 4 קרטון",7290000507958,4,ליטר,לא,,,1,"יבשים וקונדיטוריה","מנטור פוד בעמ",8,0,0,,כן,מוצר,,
"אננס שלם 820 גרם",46101,820,גרם,לא,,,1,"יבשים וקונדיטוריה","בני מאלק סוידאן בעמ",7.3,0,0,,כן,מוצר,,
"ג'אמפ לימונענע 330 בק' 24 יח",3005823,6,יחידות,כן,מארז,חבילות,4,"משקאות קלים",טמפו,83.36,0,0,,כן,"מארז + יחידת מידה במארז",7290000336251,
"ג'אמפ רימונדה 330 בק' 24 יח",3005825,6,יחידות,כן,מארז,חבילות,4,"משקאות קלים",טמפו,83.36,0,0,,כן,"מארז + יחידת מידה במארז",7290000336305,
"סלמון נורווגי קפוא מנות יח 180-200 גר5.7 ק״ג בקרטון",5744000648927,1,"ק""ג",לא,,,1,קפואים,"מיגם יבוא בעמ",59,0,0,,כן,מוצר,,
"כורכום טחון 1 ק״ג",100133,1,"ק""ג",לא,,,1,"יבשים וקונדיטוריה","מנטור פוד בעמ",23.73,0,0,,כן,מוצר,,
"רביולי 4 גבינות - די׳אורו",7290010778188,1,יחידות,לא,,,1,"יבשים וקונדיטוריה","מנטור פוד בעמ",47.86,0,0,,כן,ללא,,
"רוטב צ׳ילי מתוק -4 ליטר (שמש)",30072,1,יחידות,לא,,,1,"יבשים וקונדיטוריה","מנטור פוד בעמ",36.5,0,0,,כן,ללא,,
"חומץ חומצה אצטית מדוללת",7290011556112,1,יחידות,לא,,,1,"יבשים וקונדיטוריה","שופרסל אמיגה",6.29,0,0,0,כן,ללא,,
"כמון טחון 1 ק״ג",7290011964108,1,יחידות,לא,,,1,"יבשים וקונדיטוריה","שופרסל אמיגה",49.99,0,0,0,כן,ללא,,
"אורגנו 1 קג",7290015543033,1,יחידות,לא,,,1,"יבשים וקונדיטוריה","שופרסל אמיגה",16.9,0,0,,כן,ללא,,
"פפריקה מתוקה 1 קג",7290015543385,1,יחידות,לא,,,1,"יבשים וקונדיטוריה","שופרסל אמיגה",12,0,0,0,כן,ללא,,
"סומק טחון 1 קג",7290015553094,1,יחידות,לא,,,1,"יבשים וקונדיטוריה","שופרסל אמיגה",18.5,0,0,0,כן,ללא,,
"מיונז אמיגה 5 ק״ג",7290018710159,1,יחידות,לא,,,1,"יבשים וקונדיטוריה","שופרסל אמיגה",47.89,0,0,0,כן,ללא,,
"פנקו פרורי לחם לבנים 1 ק",7290019304586,1,יחידות,לא,,,1,"יבשים וקונדיטוריה","שופרסל אמיגה",9.89,0,0,,כן,ללא,,
"קינואה אדומה 5 ק״ג",7290019659792,1,יחידות,לא,,,1,"יבשים וקונדיטוריה","שופרסל אמיגה",74.75,0,0,0,כן,ללא,,
"צנובר פסח ב.יוסף לל״ח",7290121621137,1,יחידות,לא,,,1,"יבשים וקונדיטוריה","שופרסל אמיגה",99,0,0,0,כן,ללא,,
"פיצפוצי אורז תפוח 450 גר",7297488199590,1,יחידות,לא,,,1,"יבשים וקונדיטוריה","שופרסל אמיגה",16.5,0,0,0,כן,ללא,,
"קטשופ היינץ וולפק כשל״פ",8410066138821,1,יחידות,לא,,,1,"יבשים וקונדיטוריה","שופרסל אמיגה",165,0,0,0,כן,ללא,,
"רוטב בוב הולנדי 4.95 ק״ג",8718182023275,1,יחידות,לא,,,1,"יבשים וקונדיטוריה","שופרסל אמיגה",59.89,0,0,0,כן,ללא,,
"משטח שופרסל עסקים",9827,1,יחידות,לא,,,1,"יבשים וקונדיטוריה","שופרסל אמיגה",0.01,0,0,0,כן,ללא,,
"פלפל לבן טחון צנצנת 1 ק״ג",4805296,1,יחידות,לא,,,1,"יבשים וקונדיטוריה","שופרסל אמיגה",66,0,0,0,כן,ללא,,
"פלפל שחור טחון צנצנת 1 ק",811250030194,1,יחידות,לא,,,1,"יבשים וקונדיטוריה","שופרסל אמיגה",62.5,0,0,0,כן,ללא,,
"פירורי לחם מוזהבים שק10ק",7290015543859,1,יחידות,לא,,,1,"יבשים וקונדיטוריה","שופרסל אמיגה",63.5,0,0,0,כן,ללא,,
"גלגולי פירה 2 ק״ג",7290018198452,1,יחידות,לא,,,1,"יבשים וקונדיטוריה","שופרסל אמיגה",43,0,0,0,כן,ללא,,
"שמנת מתוקה 4 ליטר 42 % מהדרין",04121907,4,ליטר,לא,,,1,"יבשים וקונדיטוריה","מנטור פוד בעמ",105,0,0,,כן,שקיל,,
"מנה אישית - קטשופ * 900 יחידות",81005033,900,יחידות,לא,,,,קפואים,"קפוא זן",120,0,0,,כן,מוצר,,
מרגז,21,1,"ק""ג",לא,,,,בשר,"מ.ד מעדני בשר",47,0,0,,כן,מוצר,,
"סטק אנגוס מיושן",19,1,"ק""ג",לא,,,,בשר,"מ.ד מעדני בשר",55,0,0,,כן,מוצר,,
"אסאדו עגל מפורק",914,1,"ק""ג",לא,,,,בשר,"ע.ס בשר מסעדות (2015) בע״מ",49,0,0,,כן,מוצר,,
"אנטרקוט סליסים",328,1,"ק""ג",לא,,,,בשר,"ע.ס בשר מסעדות (2015) בע״מ",60,0,0,,כן,מוצר,,
"גלידה וניל אוראו 5 ליטר",55,5,ליטר,לא,,,,קפואים,עבודי,80,0,0,,כן,מוצר,,
"גלידה וניל וינצי(בדץ) 5 ליטר",79,5,ליטר,לא,,,,קפואים,עבודי,80,0,0,,כן,מוצר,,
"פיסטוק גרוס קלוי אלמנדוס 1 ק״ג",11320,1,"ק""ג",לא,,,,קפואים,עבודי,120,0,0,,כן,מוצר,,
"טופינג (רוטב) פירות יער ג׳ובאני בדץ",922,1,"ק""ג",לא,,,,קפואים,עבודי,43.63,0,0,,כן,מוצר,,
"מנה אישית - מיונז * 900 יחידות",81005035,900,יחידות,לא,,,,קפואים,"קפוא זן",189.5,0,0,,כן,מוצר,,
"קטשופ היינץ וולפק כשל״פ",841006613882,1,יחידות,לא,,,1,"יבשים וקונדיטוריה","שופרסל אמיגה",165,0,0,0,כן,ללא,,
"קטשופ היינץ 700 גרם",871570041973,1,יחידות,לא,,,1,"יבשים וקונדיטוריה","שופרסל אמיגה",11.5,0,0,0,כן,ללא,,
"ממרח היינץ מיכל לחיץ 395ג",871570042247,1,יחידות,לא,,,1,"יבשים וקונדיטוריה","שופרסל אמיגה",10.89,0,0,,כן,מוצר,,
"רוטב בוב הולנדי 4.95 ק״ג",87181820232,1,יחידות,לא,,,1,"יבשים וקונדיטוריה","שופרסל אמיגה",59.89,0,0,0,כן,ללא,,
"משטח שופרסל עסקים",98,1,יחידות,לא,,,1,"יבשים וקונדיטוריה","שופרסל אמיגה",0.01,0,0,,כן,ללא,,
"פטרוזיליה קצוצה",,1,"ק""ג",לא,,,,"ירקות פירות ועשבי תיבול","פירות וירקות ח׳טיב",23,0,0,,לא,מוצר,,
"מיכל פפ מלבני 1 ליטר 135 יח",753101,135,יחידות,לא,,,1,"חד פעמי ואריזות",סילקו,90,0,0,0,כן,מוצר,,
"הוט דוק",10077,1,יחידות,לא,,,1,"לחמניות ולחמים","רייף בייקרי",1.8,0,0,0,כן,מוצר,,
"כרמלים לליק חסה יח",43246,1,יחידות,לא,,,1,"ירקות פירות ועשבי תיבול","עונות ישראל",10,0,0,0,כן,ללא,,
"פפסי 330 פחית צרה שישייה ח",7014076,6,יחידות,כן,מארז,יחידות,4,"משקאות קלים",טמפו,49.8,0,0,0,כן,"מארז + יחידת מידה במארז",7290000327020,
"מנקה חלונות סיליקון 1 ליטר, 10 יח׳",6008040,10,יחידות,לא,,,1,"חד פעמי ואריזות",סילקו,55,0,0,,כן,ללא,,
"מכסה פלסטיק לגביע 1.5-2.5oz, א-2000 יח׳",003674,1,יחידות,לא,,,1,"חד פעמי ואריזות",סילקו,75,0,0,0,כן,ללא,,
"גביע 1.5oz PP שחור, 2000 יח׳",003685,1,יחידות,לא,,,1,"חד פעמי ואריזות",סילקו,85,0,0,0,כן,ללא,,
"קש עבה 8 מ״מ שחור עטוף, 500 יח׳",078513,1,יחידות,לא,,,1,"חד פעמי ואריזות",סילקו,23,0,0,0,כן,ללא,,
"מכסה PP לקערת נייר קראפט 1100/1300 מ""ל, 300 יח'",000961,1,יחידות,לא,,,1,"חד פעמי ואריזות",סילקו,115,0,0,0,כן,ללא,,
"קערת נייר קראפט 1100 מ״ל, קוטר 185 מ״מ, 300 יח'",000959,1,יחידות,לא,,,1,"חד פעמי ואריזות",סילקו,152,0,0,0,כן,ללא,,
"ממרקות ברזל ענק 50 גרם, 12 יח׳",769604,1,יחידות,לא,,,1,"חד פעמי ואריזות",סילקו,22,0,0,0,כן,ללא,,
"דלי מטליות לחות לניקוי כללי, 400 יח׳",007489,1,יחידות,לא,,,1,"חד פעמי ואריזות",סילקו,17,0,0,0,כן,ללא,,
"אשפתון עבה 75/90 LD שחור (25 יח בגליל) , 500 יח׳",007291,1,יחידות,לא,,,1,"חד פעמי ואריזות",סילקו,155.01,0,0,0,כן,ללא,,
"נייר תעשייתי דו שכבתי 5 ק״ג ללא פרפורציה",803601,1,יחידות,לא,,,1,"חד פעמי ואריזות",סילקו,72,0,0,0,כן,ללא,,
"סליק קוקה קולה 330 מ״ל מבצע",30211,330,"מ""ל",כן,מארז,פחיות,24,"משקאות קלים","החברה המרכזית למשקאות בעמ",64.87,0,0,0,כן,"מארז + יחידת מידה במארז",7290011017866,
"סליק פאנטה אורנג׳ 330 מ״ל מבצע",30215,1,יחידות,כן,מארז,יחידות,24,"משקאות קלים","החברה המרכזית למשקאות בעמ",64.87,15,6.1,0,כן,"מארז + יחידת מידה במארז",7290011018443,
"לונג בוקס",121212,1,יחידות,לא,,,,"חד פעמי ואריזות","קי.אי.אם שירותי סחר בע״מ",5.8,0,0,,כן,מוצר,,
פטריות,62,1,יחידות,לא,,,1,"ירקות פירות ועשבי תיבול","י.ס פירות וירקות",25,0,0,0,כן,ללא,,
"מלפפון חממה",1,1,יחידות,לא,,,1,"ירקות פירות ועשבי תיבול","י.ס פירות וירקות",8,0,0,0,לא,ללא,,
כרובית,14,1,יחידות,לא,,,1,"ירקות פירות ועשבי תיבול","י.ס פירות וירקות",55,0,0,0,כן,ללא,,
עגבניות,96,1,יחידות,לא,,,1,"ירקות פירות ועשבי תיבול","י.ס פירות וירקות",8,0,0,0,כן,ללא,,
סלק,01,1,יחידות,לא,,,1,"ירקות פירות ועשבי תיבול","י.ס פירות וירקות",8.475,0,0,0,כן,ללא,,
נענע,77,1,יחידות,לא,,,1,"ירקות פירות ועשבי תיבול","י.ס פירות וירקות",45,0,0,0,כן,ללא,,
חריף,18,1,יחידות,לא,,,1,"ירקות פירות ועשבי תיבול","י.ס פירות וירקות",10,0,0,0,כן,ללא,,
"מארז בורגר קריספי 5*240",729000866899,1,יחידות,לא,,,1,"חד פעמי ואריזות","קי.אי.אם שירותי סחר בע״מ",0.8,0,0,0,כן,מוצר,,
"שקית מנה פרגמנט 3*1000",35409,1,יחידות,לא,,,1,"חד פעמי ואריזות","קי.אי.אם שירותי סחר בע״מ",0.12,0,0,0,כן,מוצר,,
"מארז תוספות 240*5 CRISPYTHE X",000720035366,1,יחידות,לא,,,1,"חד פעמי ואריזות","קי.אי.אם שירותי סחר בע״מ",0.73,0,0,0,כן,מוצר,,
"שקית רוטבים 7*17 ס״מ 40 ג'ר CRISPY/THEX",000722235363,1,יחידות,לא,,,1,"חד פעמי ואריזות","קי.אי.אם שירותי סחר בע״מ",31,0,0,0,כן,מוצר,,
"מגבון לח קריספי 5*1000",000720001110,1,יחידות,לא,,,1,"חד פעמי ואריזות","קי.אי.אם שירותי סחר בע״מ",0.103,0,0,0,כן,מוצר,,
"מארז קרטון שני מקום עם חלון CRICPY&THE X",35426,1,יחידות,לא,,,1,"חד פעמי ואריזות","קי.אי.אם שירותי סחר בע״מ",5.8,0,0,0,כן,מוצר,,
"פפסי 1.5 שישייה +",3005880,1.5,ליטר,כן,מארז,בקבוקים,6,"משקאות קלים",טמפו,26.4,0,0,0,כן,"מארז + יחידת מידה במארז",7290000136769,
"קולה ZERO שישיות 1.5 ליטר",33434,1,יחידות,כן,ארגז,בקבוקים,6,"משקאות קלים","החברה המרכזית למשקאות בעמ",39.14,0,0,0,כן,"מארז + יחידת מידה במארז",7290110115418,
"משטח שופרסל עסקים",900001,1,יחידות,לא,,,1,"יבשים וקונדיטוריה","שופרסל אמיגה",0.01,0,0,0,כן,ללא,,
"כמון טחון 1 קג",3093694,1,יחידות,לא,,,1,"יבשים וקונדיטוריה","שופרסל אמיגה",20.55,0,0,0,כן,ללא,,
"שמן חמניות 5 ליטר",4607014783071,1,יחידות,לא,,,1,"יבשים וקונדיטוריה","שופרסל אמיגה",31.89,0,0,0,כן,מוצר,,
"קינואה אדומה 5 ק״ג",7290019216605,1,יחידות,לא,,,1,"יבשים וקונדיטוריה","שופרסל אמיגה",74,0,0,0,כן,ללא,,
"חרדל צהוב גלון 3.79 ק״ג",70080780116,1,יחידות,לא,,,1,"יבשים וקונדיטוריה","שופרסל אמיגה",42.16,0,0,,כן,ללא,,
"שמן חמניות 5 ליטר",4607014783071,1,יחידות,לא,,,1,"יבשים וקונדיטוריה","שופרסל אמיגה",31.89,0,0,0,כן,ללא,,
"אבקת מרק. דגש תיבולפטריות",7290100249703,1,יחידות,לא,,,1,"יבשים וקונדיטוריה","שופרסל אמיגה",35.75,0,0,0,כן,ללא,,
"כרוב לבן",10,1,יחידות,לא,,,1,"ירקות פירות ועשבי תיבול","י.ס פירות וירקות",4.5,0,0,0,כן,ללא,,
חסה,68,1,יחידות,לא,,,1,"ירקות פירות ועשבי תיבול","י.ס פירות וירקות",5.5,0,0,0,כן,ללא,,
"פלפל צהוב",16,1,יחידות,לא,,,1,"ירקות פירות ועשבי תיבול","י.ס פירות וירקות",10,0,0,0,כן,ללא,,
"שקית נייר 32*17*28.5 TAKE AWAY קריספי",729000866904,1,יחידות,כן,ארגז,יחידות,250,"חד פעמי ואריזות","קי.אי.אם שירותי סחר בע״מ",200,0,0,,כן,מוצר,,
"קופסת סלט 32 אוז עם מכסה לחם 200*2יח CRI",35429,1,יחידות,לא,,,1,"חד פעמי ואריזות","קי.אי.אם שירותי סחר בע״מ",1.2,0,0,0,כן,מוצר,,
"נייר עטיפה 67 ג'ר 30*40 משולב אלומיניום",729000866895,1,יחידות,לא,,,1,"חד פעמי ואריזות","קי.אי.אם שירותי סחר בע״מ",50,0,0,0,כן,מוצר,,
"נייר עטיפה 40 גיר 30 grease proof brown'",729000866898,1,יחידות,לא,,,1,"חד פעמי ואריזות","קי.אי.אם שירותי סחר בע״מ",31,0,0,0,כן,מוצר,,
"נייר מגש 20*30 40 ג'ר קריספי 2*10",729000866909,1,יחידות,לא,,,1,"חד פעמי ואריזות","קי.אי.אם שירותי סחר בע״מ",31,0,0,0,כן,מוצר,,
"בורגול גס 5 ק״ג - שוקחה",1509203,1,יחידות,לא,,,1,"יבשים וקונדיטוריה","מנטור פוד בעמ",25.64,0,0,0,כן,ללא,,
"פנקו פרורי לחם לבנים 1 ק״ג (גוא",17210,1,יחידות,לא,,,1,"יבשים וקונדיטוריה","מנטור פוד בעמ",17,0,0,0,כן,ללא,,
"תירס A2 - עדן",7290010962082,1,יחידות,לא,,,1,"יבשים וקונדיטוריה","מנטור פוד בעמ",5.93,0,0,0,כן,ללא,,
"שמנת להקצפה 33% 5 ליטר - מיגם",5903006000492,1,יחידות,לא,,,1,"יבשים וקונדיטוריה","מנטור פוד בעמ",102,0,0,0,כן,ללא,,
"פפסי 330 בקבוק 24 יח׳+",3005883,330,"מ""ל",כן,מארז,יחידות,24,"משקאות קלים",טמפו,64.3,0,0,0,כן,"מארז + יחידת מידה במארז",7290006764003,
"בצל סגול",94,1,יחידות,לא,,,1,"ירקות פירות ועשבי תיבול","י.ס פירות וירקות",3.5,0,0,0,כן,ללא,,
"עגבניות שרי",28,1,יחידות,לא,,,1,"ירקות פירות ועשבי תיבול","י.ס פירות וירקות",16,0,0,0,כן,ללא,,
"דגש- פצפוצי אורז 450ג׳",7297488199590,1,יחידות,לא,,,1,"יבשים וקונדיטוריה","מנטור פוד בעמ",17.5,0,0,0,כן,ללא,,
"פנקו סומימוטו קלאסי 1 ק״ג",2513551,1,יחידות,לא,,,1,"יבשים וקונדיטוריה","מנטור פוד בעמ",14,0,0,0,כן,ללא,,
"פלפל לבן טחון 1 ק״ג -נווה",1001594,1,יחידות,לא,,,1,"יבשים וקונדיטוריה","מנטור פוד בעמ",67.8,0,0,0,כן,ללא,,
"פפריקה מתוקה מעושנת 1 ק״ג - נו",100179,1,יחידות,לא,,,1,"יבשים וקונדיטוריה","מנטור פוד בעמ",37,0,0,0,כן,ללא,,
"בורגול דק 5 ק״ג - שוקחה",1509201,1,יחידות,לא,,,1,"יבשים וקונדיטוריה","מנטור פוד בעמ",26,0,0,0,כן,ללא,,
"אלף האיים מנות הלמנס 900 יחידות",7290116534404,1,יחידות,לא,,,1,"חומרי ניקוי","מנטור פוד בעמ",188,0,0,0,כן,ללא,,
"מלח שולחן 1קג מעולה (12 יח׳)",10559,1,יחידות,לא,,,1,"חומרי ניקוי","מנטור פוד בעמ",20,0,0,0,כן,ללא,,
"גרעיני תירס לייט מתוק 12 OZ יכי",110014611,1,יחידות,לא,,,1,"חומרי ניקוי","מנטור פוד בעמ",4.67,0,0,0,כן,ללא,,
"אננס שלם 800 גרם שוקחה",7290008969840,800,גרם,כן,מארז,יחידות,1,"חומרי ניקוי","מנטור פוד בעמ",7.5,0,0,,כן,מארז,,
"שמנת להקצפה 5 ליטר OLYMPIA",7135,1,יחידות,לא,,,1,"יבשים וקונדיטוריה","מנטור פוד בעמ",119,0,0,,כן,ללא,,
"מיונז לחיץ 395 מ״ל היינץ",20151,1,יחידות,לא,,,1,"יבשים וקונדיטוריה","מנטור פוד בעמ",14.12,0,0,,כן,מוצר,,
"גרעיני תירס לייט מתוק A2 יכין",110012611,1,יחידות,לא,,,1,"יבשים וקונדיטוריה","מנטור פוד בעמ",5.93,0,0,,כן,ללא,,
"גרעיני תירס מתוק OZ12 יכין",110004611,1,יחידות,לא,,,1,"חומרי ניקוי","מנטור פוד בעמ",4.66,0,0,,כן,ללא,,
"ארטישוק מתובל 2.4 ק״ג",53010,1,יחידות,לא,,,1,"חומרי ניקוי","מנטור פוד בעמ",66,0,0,,כן,ללא,,
"מיונז פרימיום 70% 5 ק״ג -מנטור",5901044036282,1,יחידות,לא,,,1,"חומרי ניקוי","מנטור פוד בעמ",58,0,0,,כן,ללא,,
"פרגפלסט - דפי ניילון להפרדה, 1 חב",007181,1,יחידות,לא,,,1,"חומרי ניקוי",סילקו,16,0,0,0,כן,ללא,,
"מזלגון עץ 9 ס״מ, 100 יח׳",007858,1,יחידות,לא,,,1,"חומרי ניקוי",סילקו,2.5,0,0,0,כן,ללא,,
"מלח גבישי 25 ק״ג למדיח",006080,1,יחידות,לא,,,1,"חומרי ניקוי",סילקו,32,0,0,0,כן,ללא,,
"מכסה פ.פ למיכל מלבני 0.75-2 ליטר, 405 יח׳",007533,1,יחידות,לא,,,1,"חומרי ניקוי",סילקו,164.99,0,0,0,כן,ללא,,
"כנפיים עוף קפוא",9,1,"ק""ג",לא,,,1,בשר,"מ.ד מעדני בשר",12,0,0,,כן,שקיל,,
"שניצל פרוס קפוא",6,1,"ק""ג",לא,,,1,בשר,"מ.ד מעדני בשר",29,0,0,,כן,שקיל,,
"פלדלפיה 1 ק״ג - ר.ס",261733,1,יחידות,לא,,,1,"יבשים וקונדיטוריה","מנטור פוד בעמ",21.37,0,0,0,כן,ללא,,
"חמוציות חתוך שקיל -",12361,1,יחידות,לא,,,1,"יבשים וקונדיטוריה","מנטור פוד בעמ",25.42,0,0,0,כן,ללא,,
"שמן חמניות 5 ליטר",4699305475475,1,יחידות,לא,,,1,"יבשים וקונדיטוריה","מ.ס שיווק מזון בע״מ",30,0,0,,כן,ללא,,
"ציפוטלה חריף ורוטב עגבניות 2.8",41003,2.8,"ק""ג",כן,מארז,יחידות,1,"יבשים וקונדיטוריה","מנטור פוד בעמ",62,0,0,,כן,מוצר,,
"רכז רימונים 4 ליטר BURCU",22892,1,יחידות,לא,,,1,"יבשים וקונדיטוריה","מנטור פוד בעמ",75,0,0,0,כן,ללא,,
"סט סכו״ם 6 חלקים - פלסטיק 1*350",35418,1,יחידות,לא,,,1,"חד פעמי ואריזות","קי.אי.אם שירותי סחר בע״מ",0.65,0,0,0,כן,מוצר,,
"אבקת סוכר 1 ק״ג",7290001050064,1,"ק""ג",לא,,,1,"יבשים וקונדיטוריה","מ.ס שיווק מזון בע״מ",8,0,0,,כן,ללא,,
"אורגנו 1 ק״ג",877300005925,1,יחידות,לא,,,1,"יבשים וקונדיטוריה","מ.ס שיווק מזון בע״מ",25,0,0,,כן,ללא,,
"פצפוצי אורז",7290008989169,1,יחידות,לא,,,1,"יבשים וקונדיטוריה","מ.ס שיווק מזון בע״מ",16,0,0,,כן,ללא,,
"חרדל דיג׳ון",7290003054350,1,יחידות,לא,,,1,"יבשים וקונדיטוריה","מ.ס שיווק מזון בע״מ",58,0,0,,כן,ללא,,
"טחינה 3 ק״ג",6253017300302,1,יחידות,לא,,,1,"יבשים וקונדיטוריה","מ.ס שיווק מזון בע״מ",49,0,0,,כן,ללא,,
"טמפורה 1 ק״ג",7290019304616,1,יחידות,לא,,,1,"יבשים וקונדיטוריה","מ.ס שיווק מזון בע״מ",10.5,0,0,,כן,ללא,,
"קמון טחון",877300005284,1,יחידות,לא,,,1,"יבשים וקונדיטוריה","מ.ס שיווק מזון בע״מ",26.8,0,0,,כן,ללא,,
"מיונז איכותי",07983667801,1,יחידות,לא,,,1,"יבשים וקונדיטוריה","מ.ס שיווק מזון בע״מ",55,0,0,0,כן,ללא,,
"מיונז מיטב דלי",7290002781165,1,יחידות,לא,,,1,"יבשים וקונדיטוריה","מ.ס שיווק מזון בע״מ",45,0,0,,כן,ללא,,
"סומאק 1 ק״ג",877300006052,1,יחידות,לא,,,1,"יבשים וקונדיטוריה","מ.ס שיווק מזון בע״מ",28,0,0,,כן,ללא,,
"פירורי לחם אסם 10 ק״ג",7290000063713,1,יחידות,לא,,,1,"יבשים וקונדיטוריה","מ.ס שיווק מזון בע״מ",79,0,0,,כן,ללא,,
"פירורי לחם דווידוביץ 10 ק״ג",7290016670004,1,יחידות,לא,,,1,"יבשים וקונדיטוריה","מ.ס שיווק מזון בע״מ",60,0,0,,כן,ללא,,
"פנקו 1 ק״ג",7290019760337,1,יחידות,לא,,,1,"יבשים וקונדיטוריה","מ.ס שיווק מזון בע״מ",13,0,0,,כן,ללא,,
"קטשוף לחיץ הינץ",8715700419732,1,יחידות,לא,,,1,"יבשים וקונדיטוריה","מ.ס שיווק מזון בע״מ",9.5,0,0,,כן,ללא,,
"קטשוף הינץ 13 ק״ג",013000511902,1,יחידות,לא,,,1,"יבשים וקונדיטוריה","מ.ס שיווק מזון בע״מ",130,0,0,,כן,ללא,,
"קינואה 1 ק״ג",7290019216605,1,"ק""ג",לא,,,1,"יבשים וקונדיטוריה","מ.ס שיווק מזון בע״מ",12,0,0,,כן,ללא,,
"ארטישוק אלה רומנה",8001,2.6,"ק""ג",לא,,,1,"יבשים וקונדיטוריה","מ.ס שיווק מזון בע״מ",60,0,0,,כן,ללא,,
"תרכיז רימונים 1 ק״ג",7290011482527,1,יחידות,לא,,,1,"יבשים וקונדיטוריה","מ.ס שיווק מזון בע״מ",20,0,0,,כן,ללא,,
"שומשום לבן 1 ק״ג",7290012121112,1,יחידות,לא,,,1,"יבשים וקונדיטוריה","מ.ס שיווק מזון בע״מ",11,0,0,,כן,ללא,,
"תבלין פלדלפיה",877300005864,1,יחידות,לא,,,1,"יבשים וקונדיטוריה","מ.ס שיווק מזון בע״מ",28.8,0,0,,כן,ללא,,
"אלף האיים גלון תמרה",7290112010,3.9,"ק""ג",לא,,,1,"יבשים וקונדיטוריה","מ.ס שיווק מזון בע״מ",36.5,0,0,,כן,שקיל,,
"אלף האיים מנות הלמנז",534404,1,יחידות,לא,,,1,"יבשים וקונדיטוריה","מ.ס שיווק מזון בע״מ",150,0,0,,כן,ללא,,
"אננס שלם",7290008969840,1,יחידות,לא,,,1,"יבשים וקונדיטוריה","מ.ס שיווק מזון בע״מ",7.5,0,0,,כן,ללא,,
"בורגול עבה",7290006439826,1,"ק""ג",לא,,,1,"יבשים וקונדיטוריה","מ.ס שיווק מזון בע״מ",5.3,0,0,,כן,ללא,,
"תירס יכין",7290000208329,1,יחידות,לא,,,1,"יבשים וקונדיטוריה","מ.ס שיווק מזון בע״מ",5.4,0,0,,כן,ללא,,
"זיתים קלמטה",6934932206060,1,יחידות,לא,,,1,"יבשים וקונדיטוריה","מ.ס שיווק מזון בע״מ",22.4,0,0,,כן,ללא,,
"חרדל אמריקאי",04150081938,1,יחידות,לא,,,1,"יבשים וקונדיטוריה","מ.ס שיווק מזון בע״מ",50,0,0,,כן,ללא,,
"מיונז מנות הינץ",10808875001077,1,יחידות,לא,,,1,"יבשים וקונדיטוריה","מ.ס שיווק מזון בע״מ",120,0,0,,כן,ללא,,
"מוינז לחיץ הינץ",8715700422475,1,יחידות,לא,,,1,"יבשים וקונדיטוריה","מ.ס שיווק מזון בע״מ",10.5,0,0,,כן,ללא,,
"עמבה דלי",877300005505,1,יחידות,לא,,,1,"יבשים וקונדיטוריה","מ.ס שיווק מזון בע״מ",27,0,0,,כן,ללא,,
"פלפל שחור גרוס 1 ק״ג",877300005093,1,יחידות,לא,,,1,"יבשים וקונדיטוריה","מ.ס שיווק מזון בע״מ",49,0,0,,כן,ללא,,
"פלפל שחור טחון",877300005154,1,יחידות,לא,,,1,"יבשים וקונדיטוריה","מ.ס שיווק מזון בע״מ",46,0,0,,כן,ללא,,
"פלפל שטה גרוס",877300005147,1,יחידות,לא,,,1,"יבשים וקונדיטוריה","מ.ס שיווק מזון בע״מ",34,0,0,,כן,ללא,,
"פפריקה מעושנת",877300006298,1,יחידות,לא,,,1,"יבשים וקונדיטוריה","מ.ס שיווק מזון בע״מ",28,0,0,,כן,ללא,,
"פפריקה מתוקה",877300005178,1,יחידות,לא,,,1,"יבשים וקונדיטוריה","מ.ס שיווק מזון בע״מ",22,0,0,,כן,ללא,,
"ציפוטלי 2.8 ק״ג",7501023318019,1,יחידות,לא,,,1,"יבשים וקונדיטוריה","מ.ס שיווק מזון בע״מ",65,0,0,,כן,ללא,,
"צילי מתוק מקצוף",8850367990207,1,יחידות,לא,,,1,"יבשים וקונדיטוריה","מ.ס שיווק מזון בע״מ",60,0,0,,כן,ללא,,
"צילי מתוק שמש",7290013266576,1,יחידות,לא,,,1,"יבשים וקונדיטוריה","מ.ס שיווק מזון בע״מ",36.5,0,0,0,כן,ללא,,
"קטשוף מנות הינץ",8715700419480,1,יחידות,לא,,,1,"יבשים וקונדיטוריה","מ.ס שיווק מזון בע״מ",195,0,0,,כן,ללא,,
"קמח תפוח אדמה",7290001050019,1,יחידות,לא,,,1,"יבשים וקונדיטוריה","מ.ס שיווק מזון בע״מ",5.5,0,0,,כן,ללא,,
"שום כתוש",7290112014375,1,יחידות,לא,,,1,"יבשים וקונדיטוריה","מ.ס שיווק מזון בע״מ",39,0,0,0,כן,ללא,,
"ברבקיו תמרה",7290112015051,1,יחידות,לא,,,1,"יבשים וקונדיטוריה","מ.ס שיווק מזון בע״מ",42,0,0,0,כן,ללא,,
"סויה ימאסה 18 ליטר",4903001016680,1,יחידות,לא,,,1,"יבשים וקונדיטוריה","מ.ס שיווק מזון בע״מ",210,0,0,0,כן,ללא,,
"רוטב טריאקי תמרה",7290112016171,1,יחידות,לא,,,1,"יבשים וקונדיטוריה","מ.ס שיווק מזון בע״מ",0,0,0,0,כן,ללא,,
"קמח קרטון 10 ק״ג",7290002460060,1,יחידות,לא,,,1,"יבשים וקונדיטוריה","מ.ס שיווק מזון בע״מ",28,0,0,,כן,ללא,,
"סוכר סוגת חבילה 10 ק״ג",7290000211503,1,יחידות,לא,,,1,"יבשים וקונדיטוריה","מ.ס שיווק מזון בע״מ",38,0,0,,כן,ללא,,
"מלח שולחן חבילה 12 ק״ג",7290004063344,1,יחידות,לא,,,1,"יבשים וקונדיטוריה","מ.ס שיווק מזון בע״מ",20,0,0,,כן,ללא,,
"חומץ סינטטי 4 ליטר",7290011556181,1,יחידות,לא,,,1,"יבשים וקונדיטוריה","מ.ס שיווק מזון בע״מ",6,0,0,,כן,ללא,,
"חומץ יכין 4 ליטר",201,1,יחידות,לא,,,1,"יבשים וקונדיטוריה","מ.ס שיווק מזון בע״מ",15,0,0,,כן,ללא,,
"קטשופ לחיץ הינץ 1 יח׳",7,1,יחידות,לא,,,1,"יבשים וקונדיטוריה","מ.ס שיווק מזון בע״מ",9.5,0,0,,כן,ללא,,
"קטשופ פאוץ שק׳ 13 קג הינץ",5,1,יחידות,לא,,,1,"יבשים וקונדיטוריה","מ.ס שיווק מזון בע״מ",130,0,0,,כן,ללא,,
"סיראצה גדול",406,1,יחידות,לא,,,1,"יבשים וקונדיטוריה","מ.ס שיווק מזון בע״מ",29,0,0,,כן,ללא,,
"חומוס שלם",7290000514406,1,יחידות,לא,,,1,"יבשים וקונדיטוריה","מ.ס שיווק מזון בע״מ",3.5,0,0,,כן,ללא,,
"שקד פרוס 1קילו",219,1,יחידות,לא,,,1,"יבשים וקונדיטוריה","מ.ס שיווק מזון בע״מ",40,0,0,,כן,ללא,,
"כדורי פירה קרטון",248,1,יחידות,לא,,,1,"יבשים וקונדיטוריה","מ.ס שיווק מזון בע״מ",251.15,0,0,,כן,ללא,,
"שוקולד ורד הגליל",254,1,יחידות,לא,,,1,"יבשים וקונדיטוריה","מ.ס שיווק מזון בע״מ",305,0,0,,כן,ללא,,
דלעת,183,1,יחידות,לא,,,1,"ירקות פירות ועשבי תיבול","י.ס פירות וירקות",5.5,0,0,0,כן,ללא,,
בצל,98,1,יחידות,לא,,,1,"ירקות פירות ועשבי תיבול","י.ס פירות וירקות",2.2,0,0,0,כן,ללא,,
סמיט,31,1,יחידות,לא,,,1,"ירקות פירות ועשבי תיבול","י.ס פירות וירקות",10.5,0,0,0,כן,ללא,,
קלמנטינה,34,1,יחידות,לא,,,1,"ירקות פירות ועשבי תיבול","י.ס פירות וירקות",6.5,0,0,0,כן,ללא,,
"רוטב חריף סריראצ'ה 481 גרם",24463061095,1,יחידות,לא,,,1,"חומרי ניקוי","מנטור פוד בעמ",23.73,0,0,,כן,ללא,,
"קנור מרק בטעם פטריות 1 ק״ג",7290107649475,1,"ק""ג",לא,,,1,"יבשים וקונדיטוריה","מנטור פוד בעמ",33.9,0,0,,כן,מוצר,,
"חומץ יכין 4 ליטר",574,1,יחידות,לא,,,1,"יבשים וקונדיטוריה","מ.ס שיווק מזון בע״מ",15,0,0,,כן,ללא,,
"מרק עוף קנור 1 קג",582,1,יחידות,לא,,,1,"יבשים וקונדיטוריה","מ.ס שיווק מזון בע״מ",14,0,0,,כן,ללא,,
"שקד פרוס 1 קג",579,1,יחידות,לא,,,1,"יבשים וקונדיטוריה","מ.ס שיווק מזון בע״מ",40,0,0,,כן,ללא,,
"מלח לימון",434,1,יחידות,לא,,,1,"יבשים וקונדיטוריה","מ.ס שיווק מזון בע״מ",12,0,0,,כן,ללא,,
"מרק בקר 1 קג","575 24",1,יחידות,לא,,,1,"יבשים וקונדיטוריה","מ.ס שיווק מזון בע״מ",37,0,0,,כן,ללא,,
"מוצרלה אצבעות",2504815027453,1,"ק""ג",לא,,,1,"יבשים וקונדיטוריה","מנטור פוד בעמ",40,0,0,,כן,שקיל,,
"גבינת צ׳דר אירית פרוסה-שקיל מנ",74250164,1,יחידות,לא,,,1,"יבשים וקונדיטוריה","מנטור פוד בעמ",45,0,0,,כן,ללא,,
"צהובה גאודה פרוסה מארז 1 ק״ג",5900512110042,1,"ק""ג",לא,,,1,"יבשים וקונדיטוריה","מנטור פוד בעמ",29,0,0,,כן,מוצר,,
"מוצרלה מגורדת 2 ק״ג ארלה",5711953124266,1,יחידות,לא,,,1,"יבשים וקונדיטוריה","מנטור פוד בעמ",56,0,0,,כן,שקיל,,
"רוטב צ׳ילי סריראצ'ה 540 גרם",71125,1,יחידות,לא,,,1,"יבשים וקונדיטוריה","מנטור פוד בעמ",23.73,0,0,0,כן,ללא,,
"מוצר כללי שמנת מתוקה תנובה",11111111,1,יחידות,לא,,,1,"יבשים וקונדיטוריה","מנטור פוד בעמ",105,0,0,0,כן,ללא,,
"בוקס בורגר משפחתי 50 יח קריספי",000722235365,1,יחידות,לא,,,1,"חד פעמי ואריזות","קי.אי.אם שירותי סחר בע״מ",4.64,0,0,0,כן,מוצר,,
"נייר עטיפה לבן 40 ג'ר 30*40 קריספי 1*10",729000866908,1,יחידות,לא,,,1,"חד פעמי ואריזות","קי.אי.אם שירותי סחר בע״מ",31,0,0,0,כן,מוצר,,
"סט סכו״ם 6 חלקים - עץ 6*350",35417,1,יחידות,לא,,,1,"חד פעמי ואריזות","קי.אי.אם שירותי סחר בע״מ",0.65,0,0,0,כן,מוצר,,
"מוצרלה פרוס",55555,1,יחידות,לא,,,1,"יבשים וקונדיטוריה","מנטור פוד בעמ",34,0,0,,כן,שקיל,,
"דלי מגבון",1,1,יחידות,לא,,,1,"חד פעמי ואריזות","מפעל המרכז",11,0,0,0,כן,ללא,,
כמון,313,1,יחידות,לא,,,1,"יבשים וקונדיטוריה","מ.ס שיווק מזון בע״מ",26.8,0,0,,כן,ללא,,
"מרק בקר 1 קג",575,1,יחידות,לא,,,1,"יבשים וקונדיטוריה","מ.ס שיווק מזון בע״מ",37,0,0,0,כן,ללא,,
"סיראצה קרטון",577,1,יחידות,לא,,,1,"יבשים וקונדיטוריה","מ.ס שיווק מזון בע״מ",210,0,0,,כן,ללא,,
"מרק פטריות 1 קג",580,1,יחידות,לא,,,1,"יבשים וקונדיטוריה","מ.ס שיווק מזון בע״מ",34,0,0,,כן,ללא,,
"צנובר 1 קג","584 33",1,יחידות,לא,,,1,"יבשים וקונדיטוריה","מ.ס שיווק מזון בע״מ",92,0,0,,כן,ללא,,
"גרעיני תירס קיד 12 OZ יכין",110024611,1,יחידות,לא,,,1,"יבשים וקונדיטוריה","מנטור פוד בעמ",4.66,0,0,0,כן,ללא,,
"צנובר סיני ארוז 1 קֿ״ג חיידר",10446,1,"ק""ג",לא,,,,"יבשים וקונדיטוריה","מנטור פוד בעמ",98,0,0,,כן,שקיל,,
"רוטב אלף האיים לסלט 5.1 ק״ג הלמנס",10696,5.1,"ק""ג",כן,מארז,יחידות,1,"יבשים וקונדיטוריה","מנטור פוד בעמ",79,0,0,,כן,שקיל,,
"חרדל דיזון 5 ק״ג",90916,5,"ק""ג",כן,מארז,יחידות,1,"יבשים וקונדיטוריה","מנטור פוד בעמ",57,0,0,,כן,שקיל,,
"ארטישוק אלה רומנה שלם בשמן",8051597338832,2.65,"ק""ג",כן,מארז,יחידות,1,"יבשים וקונדיטוריה","מנטור פוד בעמ",65,0,0,,כן,שקיל,,
"זית קלמטה חצוי 10 ק״ג - פח אדום",233,10,"ק""ג",כן,מארז,יחידות,1,"יבשים וקונדיטוריה","מנטור פוד בעמ",230,0,0,,כן,מארז,,
"אבקת סוכר 1 ק״ג פרימיום",7290001050064,1,"ק""ג",לא,,,,"יבשים וקונדיטוריה","מנטור פוד בעמ",9,0,0,,כן,שקיל,,
"אורגנו יבש 1 ק״ג - נווה",102100,1,"ק""ג",כן,מארז,יחידות,1,"יבשים וקונדיטוריה","מנטור פוד בעמ",24,0,0,,כן,שקיל,,
"פלפל שחור גרוס דק 1 ק״ג נווה",1000164,1,"ק""ג",לא,,,,"יבשים וקונדיטוריה","מנטור פוד בעמ",49,0,0,,כן,מוצר,,
"תערובת פילדלפיה 1 ק״ג - נווה",1011651,1,"ק""ג",לא,,,,"יבשים וקונדיטוריה","מנטור פוד בעמ",25,0,0,,כן,שקיל,,
"חומץ סינטטי לבן 4 ליטר",11021,4,ליטר,כן,ג'ריקן,יחידות,1,"יבשים וקונדיטוריה","מנטור פוד בעמ",6.24,0,0,,כן,שקיל,,
"קינואה אדומה 5 ק״ג שוקחה",1509235,5,"ק""ג",כן,שקית,יחידות,1,"יבשים וקונדיטוריה","מנטור פוד בעמ",72.35,0,0,,כן,שקיל,,
"רוטב סויה יאמאסה פרימיום 1.8 ליטר",15005,1.8,ליטר,כן,בקבוק,יחידות,1,"יבשים וקונדיטוריה","מנטור פוד בעמ",28.24,0,0,,כן,שקיל,,
"סירופ רימונים 1 ליטר 12/1",24687,1,ליטר,כן,בקבוק,יחידות,1,"יבשים וקונדיטוריה","מנטור פוד בעמ",28.99,0,0,,כן,שקיל,,
"צלפים במי מלח 95 גרם",7290019934455,1,יחידות,לא,,,,"יבשים וקונדיטוריה","מנטור פוד בעמ",8.82,0,0,,כן,מוצר,,
"קפוא תפוגן גלגולי פירה 2 ק״ג",66727,1,יחידות,לא,,,1,"יבשים וקונדיטוריה","בני מאלק סוידאן בעמ",50,0,0,0,כן,ללא,,
"תפוח אדמה",12,1,יחידות,לא,,,1,"ירקות פירות ועשבי תיבול","י.ס פירות וירקות",30,0,0,0,כן,ללא,,
"סלק ארוז",32,1,יחידות,לא,,,1,"ירקות פירות ועשבי תיבול","י.ס פירות וירקות",10,0,0,0,כן,ללא,,
בזילקום,101,1,יחידות,לא,,,1,"ירקות פירות ועשבי תיבול","י.ס פירות וירקות",30,0,0,0,כן,ללא,,
גזר,95,1,יחידות,לא,,,1,"ירקות פירות ועשבי תיבול","י.ס פירות וירקות",4.5,0,0,0,כן,ללא,,
"תפוח אדמה לבן",80,1,יחידות,לא,,,1,"ירקות פירות ועשבי תיבול","י.ס פירות וירקות",30,0,0,0,כן,ללא,,
זעתר,141,1,יחידות,לא,,,1,"ירקות פירות ועשבי תיבול","י.ס פירות וירקות",30,0,0,0,כן,ללא,,
"קוקה קולה 1.5 ליטר",32178,1,יחידות,כן,מארז,בקבוקים,12,"משקאות קלים","החברה המרכזית למשקאות בעמ",78.26,0,0,0,כן,"מארז + יחידת מידה במארז",7290110115203,
"סירראצה יח׳",184,1,יחידות,לא,,,1,"יבשים וקונדיטוריה","מ.ס שיווק מזון בע״מ",18.5,0,0,0,כן,ללא,,
"צנובר 1 קג",584,1,יחידות,לא,,,1,"יבשים וקונדיטוריה","מ.ס שיווק מזון בע״מ",95,0,0,,כן,ללא,,
"מרק עוף",276,1,יחידות,לא,,,1,"יבשים וקונדיטוריה","מ.ס שיווק מזון בע״מ",14,0,0,0,כן,ללא,,
"רוטב טריאקי 6.4 ק״ג קנור",10697,1,יחידות,לא,,,1,"יבשים וקונדיטוריה","מנטור פוד בעמ",110,0,0,0,כן,ללא,,
שומר,7,1,יחידות,לא,,,1,"ירקות פירות ועשבי תיבול","י.ס פירות וירקות",6.5,0,0,0,כן,ללא,,
"ערכת בקר",061,1,"ק""ג",לא,,,,בשר,אמיגוס,43,0,0,,כן,שקיל,,
"אגרה וטרינריט",033,1,יחידות,לא,,,,בשר,אמיגוס,0.29,0,0,,כן,מוצר,,
אסאדו,045,1,"ק""ג",לא,,,,בשר,אמיגוס,38,0,0,,כן,מוצר,,
"לב אונטריפ",371,1,"ק""ג",לא,,,,בשר,אמיגוס,50,0,0,,כן,שקיל,,
"פילה עוף טרי",13,1,"ק""ג",לא,,,,בשר,"מ.ד מעדני בשר",29,0,0,,כן,שקיל,,
"קוביות עוף קפוא",14,1,"ק""ג",לא,,,,בשר,"מ.ד מעדני בשר",30,0,0,,כן,שקיל,,
"דלי מגבונים",212121,1,יחידות,לא,,,,"חומרי ניקוי",לואלואה,8.4746,0,0,,כן,מוצר,,
"מסיר שומנים",121213,4,ליטר,לא,,,,"חומרי ניקוי",לואלואה,16.9492,0,0,,כן,שקיל,,
"גליל נייר תעשייתי 5 קג 1000מטר",121214,1,יחידות,לא,,,,"חומרי ניקוי",לואלואה,44.9153,0,0,,כן,מוצר,,
"מבריק ומנקה חלונות",121215,1,יחידות,לא,,,,"חומרי ניקוי",לואלואה,8.4746,0,0,,כן,מוצר,,
"שמפו רצפות סנט מוריץ 4 ליטר",121216,4,ליטר,לא,,,,"חומרי ניקוי",לואלואה,11.0169,0,0,,כן,מוצר,,
"נייר טואלט סופת",121217,1,שקית,לא,,,,"חומרי ניקוי",לואלואה,23.728,0,0,,כן,מוצר,,
"משחט כלים 18 ק״ג",121219,18,"ק""ג",לא,,,,"חומרי ניקוי",לואלואה,67.7966,0,0,,כן,מוצר,,
"כדורי פירה בד״צ 1 ק״ג /10 יח",91000981,1,"ק""ג",כן,ארגז,שקיות,10,קפואים,"קפוא זן",169,0,0,,כן,מארז,,
"חזה טלה - ברוסט",135,1,"ק""ג",לא,,,,בשר,"קפוא זן",55,0,0,,כן,שקיל,,
"פלפל שחור טחון 1 קג",3093649,1,"ק""ג",לא,,,1,"יבשים וקונדיטוריה","שופרסל אמיגה",28,0,0,0,כן,שקיל,,
"שמן חמניות 5 ליטר",4603739334932,5,ליטר,לא,,,1,"יבשים וקונדיטוריה","שופרסל אמיגה",30.89,0,0,0,כן,שקיל,,
"מיונז הלמנס אורגינל 3.4",111001,3.4,"ק""ג",לא,,,1,"יבשים וקונדיטוריה","שופרסל אמיגה",66.89,0,0,0,כן,מוצר,,
"גרעיני תירס מתוק 550 גרם",208329,0.55,"ק""ג",לא,,,1,"יבשים וקונדיטוריה","שופרסל אמיגה",5.25,0,0,0,כן,שקיל,,
"טבעות בצל 2 ק״ג",7290011860851,2,"ק""ג",לא,,,1,"יבשים וקונדיטוריה","שופרסל אמיגה",46.84,0,0,0,כן,שקיל,,
"נוזל ביצים מפוסטר מעורב",7296073599401,1,ליטר,לא,,,1,"יבשים וקונדיטוריה","שופרסל אמיגה",18.89,0,0,,כן,מוצר,,
"חזה עוף פרוס",פ1,1,"ק""ג",לא,,,1,בשר,"פ.ר.פ שיווק בע״מ",28,0,0,,כן,שקיל,,
"פילה עוף",פ2,1,"ק""ג",לא,,,1,בשר,"פ.ר.פ שיווק בע״מ",26,0,0,,כן,שקיל,,
"קוביות חזה עוף",ק3,1,"ק""ג",לא,,,1,בשר,"פ.ר.פ שיווק בע״מ",29,0,0,,כן,שקיל,,
"כנף עוף",פ4,1,"ק""ג",לא,,,1,בשר,"פ.ר.פ שיווק בע״מ",12.5,0,0,,כן,שקיל,,
"רצועות חזה עוף קפוא",ק5,1,"ק""ג",לא,,,1,בשר,"פ.ר.פ שיווק בע״מ",28,0,0,,כן,שקיל,,
"לב אסאדו",372,1,"ק""ג",לא,,,1,בשר,אמיגוס,38,0,0,0,כן,מוצר,,
"ערכת בשר בקר אסאדו אונטריפ, אנטרקוט",061-01,1,"ק""ג",לא,,,1,בשר,אמיגוס,40,0,0,0,כן,מוצר,,
"פלפל שיפקה חריף 9 ליטר",24701,1,יחידות,לא,,,1,"יבשים וקונדיטוריה","מנטור פוד בעמ",35,0,0,0,כן,שקיל,,
"חמוציות חתוך 1 ק״ג - כשר",62626,1,יחידות,לא,,,1,"יבשים וקונדיטוריה","בני מאלק סוידאן בעמ",25,0,0,0,כן,ללא,,
"רוטב ברבקיו קנור 5.7 ק''ג",50601,1,יחידות,לא,,,1,"יבשים וקונדיטוריה","בני מאלק סוידאן בעמ",81,0,0,0,כן,ללא,,
"מנה אישית - מיונז * 900 יחידות",81005035,1,יחידות,לא,,,1,קפואים,"קפוא זן",172.5,0,0,0,כן,ללא,,
"מנה אישית - קטשופ * 900 יחידות",81005033,1,יחידות,לא,,,1,קפואים,"קפוא זן",110,0,0,0,כן,ללא,,
"יוגורט תנובה כד 1.5 ליטר 4%",7290000043944,1,יחידות,לא,,,1,"יבשים וקונדיטוריה","מנטור פוד בעמ",16.1,0,0,0,כן,ללא,,
"טבעות בצל 1 ק״ג - תיבולים מהכפ",762497334104,1,יחידות,לא,,,1,"יבשים וקונדיטוריה","מנטור פוד בעמ",20.34,0,0,0,כן,ללא,,
"חסה אלונים 500 גרם",40141,0.5,"ק""ג",לא,,,1,"ירקות פירות ועשבי תיבול","עונות ישראל",8,0,0,0,לא,ללא,,
"פסגה אקונומיקה",אקו,1,יחידות,לא,,,1,"חומרי ניקוי",לואלואה,8.4746,0,0,0,כן,מוצר,,
"מיקרופייבר שיש 10 יח",מיקרו,1,יחידות,לא,,,1,"חומרי ניקוי",לואלואה,12.7119,0,0,0,כן,מוצר,,
"גט חומץ חומר חיטוי",גט,1,יחידות,לא,,,1,"חומרי ניקוי",לואלואה,11.0169,0,0,0,כן,מוצר,,
"כפפות ניטריל",כפפות,1,יחידות,לא,,,1,"חומרי ניקוי",לואלואה,11.0169,0,0,0,כן,מוצר,,
"טורמוס קפה 1.5 ליטר",טורמוס,1,יחידות,לא,,,1,"חומרי ניקוי",לואלואה,33.893,0,0,0,כן,מוצר,,
"מטלית רוזה חדש",מטלית,1,יחידות,לא,,,1,"חומרי ניקוי",לואלואה,8.4746,0,0,0,כן,מוצר,,
"שמן קנולה 5 ליטר",1855195,5,ליטר,לא,,,1,"יבשים וקונדיטוריה","שופרסל אמיגה",31.99,0,0,0,כן,מוצר,,
"אנדיב אדום יח",40147,1,יחידות,לא,,,1,"ירקות פירות ועשבי תיבול","עונות ישראל",0,0,0,0,לא,מוצר,,
"בוטנים גרוסים קלויים 1 ק",7290015775328,1,"ק""ג",לא,,,1,"יבשים וקונדיטוריה","שופרסל אמיגה",21,0,0,0,כן,מוצר,,
"נוזל כלים למדיח",604204,24,"ק""ג",לא,,,1,"חומרי ניקוי",סילקו,199.5,0,0,0,כן,מוצר,,
"נוזל להסרת שומנים פרו 109 סאסא 4 ליטר",600307,16,ליטר,לא,,,1,"חומרי ניקוי",סילקו,80,0,0,0,כן,מוצר,,
"שמנת מתוקה עמידה 250 מ״ל",43814,0.25,"ק""ג",לא,,,1,"מוצרי חלב וגבינות","מנטור פוד בעמ",6.4,0,0,0,כן,מוצר,,
"לחם קסטן",102010,1,יחידות,לא,,,,"לחמניות ולחמים","תנור אל רחמה",28,0,0,,כן,מוצר,,
"צ׳דר כתום מלקוביטה- פרוס",35658722,1,"ק""ג",לא,,,,"מוצרי חלב וגבינות","מנטור פוד בעמ",38,0,0,,כן,מוצר,,
"פוטטו צ׳יפס 2.5",5412588000337,2.5,"ק""ג",לא,,,,קפואים,"מנטור פוד בעמ",32.5,0,0,,כן,מוצר,,
"קריספי קלאסי קלאסי מ2.5 ק״ג",7290012245282,2.5,"ק""ג",לא,,,,קפואים,"מנטור פוד בעמ",35.9,0,0,,כן,מוצר,,
"חומוס שלם a2 עדן",7290010962051,1,יחידות,לא,,,,"יבשים וקונדיטוריה","מנטור פוד בעמ",3.8,0,0,,כן,מוצר,,
"פטה פח 4קג- קוליוס יוון",5201704058112,4,"ק""ג",לא,,,,"יבשים וקונדיטוריה","מנטור פוד בעמ",110,0,0,,כן,מוצר,,
"שמנת מתוקה 38% 500 מ״ל",58047,0.5,"ק""ג",לא,,,1,"מוצרי חלב וגבינות","מנטור פוד בעמ",12.71,0,0,0,כן,מוצר,,
"עדשים אדומים 25 ק״ג",10303,1,"ק""ג",לא,,,1,"יבשים וקונדיטוריה","בני מאלק סוידאן בעמ",6,0,0,0,כן,מוצר,,
"אורז בסמתי גולאן 1/20",10912,1,"ק""ג",לא,,,1,"יבשים וקונדיטוריה","בני מאלק סוידאן בעמ",6,0,0,0,כן,מוצר,,
"תמרים 403 גמל 5 ק",25103,1,"ק""ג",לא,,,1,"יבשים וקונדיטוריה","בני מאלק סוידאן בעמ",22,0,0,0,לא,מוצר,,
"דזוגס 180 גר 12 חודשים",4770299047890,1,יחידות,לא,,,1,"יבשים וקונדיטוריה","מנטור פוד בעמ",15,0,0,0,כן,מוצר,,
"חרדל אמריקאי אמיתי- פלוכמן 3",68418,3,"ק""ג",לא,,,,"יבשים וקונדיטוריה","בני מאלק סוידאן בעמ",60,0,0,,כן,מוצר,,
אורגנו,17487137,1,נספק,לא,,,,"ירקות פירות ועשבי תיבול","י.ס פירות וירקות",6.5,0,0,,כן,מוצר,,
"עגבניה ביף שחורה ק""ג",46134,1,"ק""ג",לא,,,,"ירקות פירות ועשבי תיבול","עונות ישראל",9.3,0,0,,כן,שקיל,,
"פרמזן איטלקי",60110,1,"ק""ג",לא,,,,"מוצרי חלב וגבינות",אמיגוס,71,0,0,,כן,שקיל,,
"צ׳דר כתום",60135,1,"ק""ג",לא,,,,"מוצרי חלב וגבינות",אמיגוס,40,0,0,,כן,שקיל,,
"לבנה 4 ק״ג - וואיט",45632,1,יחידות,לא,,,1,"מוצרי חלב וגבינות","בני מאלק סוידאן בעמ",21,0,0,0,כן,ללא,,
"חזה טלה - ברוסט",135,1,"ק""ג",לא,,,1,בשר,אמיגוס,55,0,0,0,כן,שקיל,,
"TEN XL ללא סוכר פחית",3004843,250,"מ""ל",כן,מארז,יחידות,24,"משקאות קלים",טמפו,87.2,36,1.01667,,כן,"יחידת מידה במארז",5902198160403,
"שמנת מתוקה 42% טרה 2 ליטר",7290102398089,2,"ק""ג",לא,,,1,"מוצרי חלב וגבינות","מנטור פוד בעמ",63,0,0,0,כן,שקיל,,
"עדשים אדום גרוסים כשר5ק",2954125,5,"ק""ג",לא,,,1,"יבשים וקונדיטוריה","שופרסל אמיגה",26,0,0,0,כן,מוצר,,
"שקית נייר 38.5*17*32 take away קריספי",720035336,900,יחידות,לא,,,,"חד פעמי ואריזות","קי.אי.אם שירותי סחר בע״מ",0.9,0,0,,כן,שקיל,,0
"מיונז -5ק״ג gaya הולנדי",729001965774,5,"ק""ג",לא,,,,"יבשים וקונדיטוריה","מנטור פוד בעמ",68,0,0,,כן,מוצר,,
"שמנת מתוקה 5 ליטר 33% - קירור",66810,5,ליטר,לא,,,,"מוצרי חלב וגבינות","בני מאלק סוידאן בעמ",120,0,0,,כן,מוצר,,
"חרדל צהוב גלון 3.79 ק״ג",11402379,3.79,"ק""ג",לא,,,,רטבים,"מנטור פוד בעמ",64,0,0,,כן,מוצר,,
"מיונז קולינרי ונטורה גלון-  ניצ",26700192777,5,"ק""ג",לא,,,,רטבים,"מנטור פוד בעמ",50.85,0,0,,כן,מוצר,,
"פטריות מילוי לבן",240,1,"ק""ג",לא,,,,"ירקות פירות ועשבי תיבול","י.ס פירות וירקות",35,0,0,,כן,מוצר,,
"פטריות א.ת",242,1,"ק""ג",לא,,,,"ירקות פירות ועשבי תיבול","י.ס פירות וירקות",25,0,0,,כן,מוצר,,
"חומץ תפוחים 750 מ״ל",50611,0.75,ליטר,לא,,,1,"יבשים וקונדיטוריה","בני מאלק סוידאן בעמ",11,0,0,0,כן,מוצר,,
"טחינה גולמית 17 ק״ג מנטור פוד",7290116630311,17,"ק""ג",לא,,,1,"יבשים וקונדיטוריה","מנטור פוד בעמ",275,0,0,0,כן,מוצר,,
"אמריקן ווסט קטשופ פאוץ 12.93 ק",12701003,12.93,"ק""ג",לא,,,1,"יבשים וקונדיטוריה","מנטור פוד בעמ",119,0,0,0,כן,מוצר,,
"כמון טחון 1 ק״ג - נווה",100135,1,"ק""ג",לא,,,,"יבשים וקונדיטוריה","מנטור פוד בעמ",36,0,0,,כן,שקיל,,
"סומק טחון בלדי 1 ק״ג - נווה",100148,1,"ק""ג",לא,,,,"יבשים וקונדיטוריה","מנטור פוד בעמ",38.14,0,0,,כן,שקיל,,
"עמבה דלי 5 ק״ג",190752,5,"ק""ג",כן,מארז,יחידות,1,"יבשים וקונדיטוריה","מנטור פוד בעמ",26,0,0,,כן,שקיל,,
"פלפל שחור טחון 1 ק״ג - נווה",100167,1,"ק""ג",לא,,,,"יבשים וקונדיטוריה","מנטור פוד בעמ",46,0,0,,כן,שקיל,,
"פפריקה מתוקה 1 ק״ג - נווה",100176,1,"ק""ג",לא,,,,"יבשים וקונדיטוריה","מנטור פוד בעמ",23.93,0,0,,כן,שקיל,,
"שום כתוש 3 ק״ג - שמש",7290013266590,3,"ק""ג",כן,מארז,יחידות,1,"יבשים וקונדיטוריה","מנטור פוד בעמ",39,0,0,,כן,שקיל,,
"פרורי לחם מוזהב 10 ק״ג אסם",28427,10,"ק""ג",כן,מארז,יחידות,1,"יבשים וקונדיטוריה","מנטור פוד בעמ",90,0,0,,כן,מארז,,
"שומשום לבן 5 ק״ג שוקחה",1509216,5,"ק""ג",כן,שקית,יחידות,1,"יבשים וקונדיטוריה","מנטור פוד בעמ",76.47,0,0,,כן,שקיל,,
"שקד מולבן פרוס 1 ק״ג",14128,1,"ק""ג",לא,,,,"יבשים וקונדיטוריה","מנטור פוד בעמ",51.76,0,0,,כן,שקיל,,
"קטשופ פאוץ 13 ק״ג הלמנס",22659,13,"ק""ג",כן,מארז,יחידות,1,"יבשים וקונדיטוריה","מנטור פוד בעמ",130,0,0,,כן,שקיל,,
"רוטב סריראצ׳ה סופר חריף 455 מ״ל",2819,1,יחידות,לא,,,,"יבשים וקונדיטוריה","מנטור פוד בעמ",15.88,0,0,,כן,מוצר,,
"קרפצ׳יו (מכירה)",123-1,1,"ק""ג",לא,,,,בשר,"קריספי בי אנד סי בע״מ",65,0,0,,כן,מוצר,,
"איולי חרדל (מכירה)",123-2,1,"ק""ג",לא,,,,רטבים,"קריספי בי אנד סי בע״מ",18.8,0,0,,כן,שקיל,,
"איולי פסטו (מכירה)",123-3,1,"ק""ג",לא,,,,רטבים,"קריספי בי אנד סי בע״מ",17.5,0,0,,כן,מוצר,,
"איולי צ׳יפוטלה (מכירה)",123-4,1,"ק""ג",לא,,,,רטבים,"קריספי בי אנד סי בע״מ",18.1,0,0,,כן,מוצר,,
"אסאדו (מכירה)",123-5,1,"ק""ג",לא,,,,בשר,"קריספי בי אנד סי בע״מ",96,0,0,,כן,שקיל,,
"בוטנים מטוגנים (מכירה)",123-6,1,"ק""ג",לא,,,,"יבשים וקונדיטוריה","קריספי בי אנד סי בע״מ",28.8,0,0,,כן,שקיל,,
"גבינת פרמזן (מכירה)",123-7,1,"ק""ג",לא,,,,"מוצרי חלב וגבינות","קריספי בי אנד סי בע״מ",75,0,0,,כן,שקיל,,
"וינגרט נענע (מכירה)",123-8,1,"ק""ג",לא,,,,רטבים,"קריספי בי אנד סי בע״מ",14,0,0,,כן,שקיל,,
"וינגרט רימונים (מכירה)",123-9,1,"ק""ג",לא,,,,רטבים,"קריספי בי אנד סי בע״מ",22.85,0,0,,כן,שקיל,,
"מעדן אווז (מכירה)",123-10,0.5,"ק""ג",לא,,,,בשר,"קריספי בי אנד סי בע״מ",52,0,0,,כן,שקיל,,
"חלפיניו (מכירה).",123-11,1,"ק""ג",לא,,,,"יבשים וקונדיטוריה","קריספי בי אנד סי בע״מ",7.5,0,0,,כן,שקיל,,
"טורטיה (מכירה)",123-12,84,יחידות,לא,,,,"לחמניות ולחמים","קריספי בי אנד סי בע״מ",270,0,0,,כן,מוצר,,
"לחמניות ללא גלוטן (מכירה)",123-13,1,יחידות,לא,,,,"לחמניות ולחמים","קריספי בי אנד סי בע״מ",4.15,0,0,,כן,מוצר,,
"לימון סחוט (מכירה)",123-14,2,ליטר,לא,,,,רטבים,"קריספי בי אנד סי בע״מ",31,0,0,,כן,מוצר,,
"מטבוחה (מכירה)",123-15,1,"ק""ג",לא,,,,רטבים,"קריספי בי אנד סי בע״מ",18,0,0,,כן,שקיל,,
"מלפפון חמוץ (מכירה)",123-16,1,"ק""ג",לא,,,,"יבשים וקונדיטוריה","קריספי בי אנד סי בע״מ",8.5,0,0,,כן,שקיל,,
"מרגז (מכירה)",123-17,1,"ק""ג",לא,,,,בשר,"קריספי בי אנד סי בע״מ",53,0,0,,כן,שקיל,,
"מתכון בשר (מכירה)",123-18,1,"ק""ג",לא,,,,"יבשים וקונדיטוריה","קריספי בי אנד סי בע״מ",28,0,0,,כן,שקיל,,
"מתכון צ׳יקן (מכירה)",123-19,1,"ק""ג",לא,,,,רטבים,"קריספי בי אנד סי בע״מ",19.86,0,0,,כן,שקיל,,
"פוטטו (מכירה)",123-20,10,"ק""ג",לא,,,,קפואים,"קריספי בי אנד סי בע״מ",112.2,0,0,,כן,שקיל,,
"פירי פירי",123-21,1,"ק""ג",לא,,,,רטבים,"קריספי בי אנד סי בע״מ",15.95,0,0,,כן,שקיל,,
"פנצ׳טה (מכירה)",123-122,1,"ק""ג",לא,,,,בשר,"קריספי בי אנד סי בע״מ",98,0,0,,כן,שקיל,,
"פסטו (מכירה)",123-23,1,"ק""ג",לא,,,,רטבים,"קריספי בי אנד סי בע״מ",31.06,0,0,,כן,שקיל,,
"פיצפוצי אורז",123-24,10,"ק""ג",לא,,,,"יבשים וקונדיטוריה","קריספי בי אנד סי בע״מ",195,0,0,,כן,שקיל,,
"צימצורי (מכירה)",123-25,1,"ק""ג",לא,,,,רטבים,"קריספי בי אנד סי בע״מ",14.5,0,0,,כן,שקיל,,
"צ׳יפס קריספי (מכירה)",123-36,10,"ק""ג",לא,,,,קפואים,"קריספי בי אנד סי בע״מ",144.76,0,0,,כן,שקיל,,
"צנובר (מכירה)",123-37,1,"ק""ג",לא,,,,"יבשים וקונדיטוריה","קריספי בי אנד סי בע״מ",123,0,0,,כן,שקיל,,
"קובה (מכירה)",123-38,9,יחידות,לא,,,,קפואים,"קריספי בי אנד סי בע״מ",18,0,0,,כן,מוצר,,
"רוטב טרטר (מכירה)",123-39,1,"ק""ג",לא,,,,רטבים,"קריספי בי אנד סי בע״מ",19,0,0,,כן,מוצר,,
"רוטב יוגורט טחינה",123-40,1,"ק""ג",לא,,,,רטבים,"קריספי בי אנד סי בע״מ",15.95,0,0,,כן,שקיל,,
"רוטב צ׳יזיקי",123-41,1,"ק""ג",לא,,,,רטבים,"קריספי בי אנד סי בע״מ",19.2,0,0,,כן,שקיל,,
"רוטב צ׳ילי טריאקי (מכירה)",123-42,1,"ק""ג",לא,,,,רטבים,"קריספי בי אנד סי בע״מ",17.22,0,0,,כן,שקיל,,
"רוטב צ׳ילי מתוק (מכירה)",123-44,1,"ק""ג",לא,,,,רטבים,"קריספי בי אנד סי בע״מ",15.8,0,0,,כן,שקיל,,
"רוטב קריספי (מכירה)",123-45,1,"ק""ג",לא,,,,רטבים,"קריספי בי אנד סי בע״מ",10.06,0,0,,כן,שקיל,,
"רול קולאז (מכירה)",123-46,12,יחידות,לא,,,,קפואים,"קריספי בי אנד סי בע״מ",37.5,0,0,,כן,שקיל,,
"ריבת בצל (מכירה)",123-47,1,"ק""ג",לא,,,,רטבים,"קריספי בי אנד סי בע״מ",15,0,0,,כן,שקיל,,
"ריבת שרי (מכירה)",123-48,1,"ק""ג",לא,,,,רטבים,"קריספי בי אנד סי בע״מ",32,0,0,,כן,שקיל,,
"שום קונפי (מכירה)",123-49,1,"ק""ג",לא,,,,רטבים,"קריספי בי אנד סי בע״מ",29.5,0,0,,כן,שקיל,,
"שומשום קלוי (מכירה)",123-50,1,"ק""ג",לא,,,,"יבשים וקונדיטוריה","קריספי בי אנד סי בע״מ",19.5,0,0,,כן,שקיל,,
"שמנת פטריות (מכירה)",123-51,1,"ק""ג",לא,,,,רטבים,"קריספי בי אנד סי בע״מ",38,0,0,,כן,שקיל,,
"שמנת פלפלת (מכירה)",123-52,1,"ק""ג",לא,,,,רטבים,"קריספי בי אנד סי בע״מ",29.5,0,0,,כן,שקיל,,
"שניצל מרינדה (מכירה)",123-53,1,"ק""ג",לא,,,,רטבים,"קריספי בי אנד סי בע״מ",17.93,0,0,,כן,שקיל,,
"שקד קלוי (מכירה)",123-54,1,"ק""ג",לא,,,,"יבשים וקונדיטוריה","קריספי בי אנד סי בע״מ",52,0,0,,כן,שקיל,,
